,Media Source,Date,Text,Compound,Positive,Neutral,Negative,Tweet Count
0,BBC,Wed Mar 21 20:56:41 +0000 2018,"RT @BBCSport: John Bishop‚Äôs on a one man mission to World Cup victory for @SportRelief!

Keep an eye out here for Geoff Hurst's 'dab' üò≥ü§£üôå‚Ä¶",0.0,0.0,1.0,0.0,1
1,BBC,Wed Mar 21 20:51:06 +0000 2018,"""I felt vulnerable but now I feel empowered.‚Äù

25-year-old rapper Paigey Cakey had a hair transplant after her hair‚Ä¶ https://t.co/fGoueTbzyQ",-0.1154,0.0,0.921,0.079,2
2,BBC,Wed Mar 21 20:03:04 +0000 2018,"Watch as @ZoeTheBall attempts to cycle over 300 miles, to raise awareness about mental health and raise money for‚Ä¶ https://t.co/qGcCT8wLSt",0.0,0.0,1.0,0.0,3
3,BBC,Wed Mar 21 19:03:04 +0000 2018,"Who were my parents - and why was I left on a hillside to die? 

After a life full of questions, Anthea finally has‚Ä¶ https://t.co/5fEma0vgfw",-0.5994,0.0,0.837,0.163,4
4,BBC,Wed Mar 21 17:03:04 +0000 2018,"üòçüç´You really can't go wrong with a recipe from Mary Berry. 

‚ù§Ô∏èÔ∏èüç∞ Here are some of @BBCFood's favourites. üëâ‚Ä¶ https://t.co/svyK73KV0o",0.4249,0.135,0.865,0.0,5
5,BBC,Wed Mar 21 16:30:07 +0000 2018,"Is it too late to save the oceans from plastic? ü¶à

Go behind the scenes of the documentary Sir David Attenborough c‚Ä¶ https://t.co/SjXbB6OZAN",0.4939,0.132,0.868,0.0,6
6,BBC,Wed Mar 21 16:29:54 +0000 2018,"RT @bbcmusic: Anne-Marie, Kylie Minogue, Ladysmith Black Mambazo and more have been added to the lineup for The Queen's Birthday Party conc‚Ä¶",0.4019,0.114,0.886,0.0,7
7,BBC,Wed Mar 21 15:59:03 +0000 2018,"Fictional locations such as Narnia, Gotham City and Neverland have mysteriously appeared on road signs in Oxfordshi‚Ä¶ https://t.co/3NzQqfNNux",0.0,0.0,1.0,0.0,8
8,BBC,Wed Mar 21 14:03:03 +0000 2018,"üé∂ Did you know that @DBtodomundo was asked to leave his school choir? 

üìª Here are 11 things we learned from the Ta‚Ä¶ https://t.co/tusEZQgIbG",-0.0516,0.0,0.946,0.054,9
9,BBC,Wed Mar 21 13:30:02 +0000 2018,What did students think when the BBC transported them to places they never thought possible? #ForReal‚Ä¶ https://t.co/KFgZaE3PXi,0.0,0.0,1.0,0.0,10
10,BBC,Wed Mar 21 13:03:01 +0000 2018,"Almost 1,000 sausage dogs have taken part in a dachshund dash! üê∂‚ù§Ô∏èÔ∏èüêæ

https://t.co/SMYaziJUrq",0.0,0.0,1.0,0.0,11
11,BBC,Wed Mar 21 12:33:01 +0000 2018,"Ruben is a star of @cbbc's #TheDumpingGround and has Down's Syndrome.

Growing up with a disability could have been‚Ä¶ https://t.co/lNo1Pa2wTu",0.1779,0.091,0.909,0.0,12
12,BBC,Wed Mar 21 11:46:05 +0000 2018,The annual Marmalade Festival held at the weekend is one of the UK's many festivals dedicated solely to a particula‚Ä¶ https://t.co/I75Ufx17Gq,0.8271,0.339,0.661,0.0,13
13,BBC,Wed Mar 21 11:03:01 +0000 2018,"Spring has officially sprung! üå∫üå∑üå∏üå±üåª

https://t.co/fAZSeVV8Oo",0.0,0.0,1.0,0.0,14
14,BBC,Wed Mar 21 10:03:03 +0000 2018,"""I've just had a haircut so I now look ninety-nine-and-a-half!"" üíÅüéâ‚ù§Ô∏èÔ∏è

A 100-year-old called Sadie has shared the s‚Ä¶ https://t.co/X9QbWw0Ey0",0.4003,0.144,0.856,0.0,15
15,BBC,Wed Mar 21 09:58:25 +0000 2018,"RT @BBC_Teach: On #WorldPoetryDay let us know which your class‚Äô favourite poem and/or poet?

Is it one of these? üëáüëâ¬†https://t.co/qtn7IPXDFH‚Ä¶",0.0,0.0,1.0,0.0,16
16,BBC,Wed Mar 21 09:58:01 +0000 2018,RT @bbcthree: This inspirational teacher overcame his stammer and is now showing his students how to do the same. https://t.co/JMAWR0conA,0.34,0.142,0.776,0.082,17
17,BBC,Wed Mar 21 09:57:49 +0000 2018,RT @bbcthree: This Country winning their 3rd award üèÜüèÜüèÜ #RTSAwards https://t.co/oBdg1KruHK,0.7845,0.434,0.566,0.0,18
18,BBC,Wed Mar 21 09:57:28 +0000 2018,"RT @bbcpress: Four new dramas announced for @BBCOne from writers Marnie Dickens (#Thirteen), Levi David Addai (#Damilola, Our Loved Boy), B‚Ä¶",0.5994,0.163,0.837,0.0,19
19,BBC,Wed Mar 21 09:57:09 +0000 2018,RT @BBCOne: #EastEnders is back on Thursday with a special double bill at 7.30pm and 9pm on @BBCOne! And you know what that means‚Ä¶ https://‚Ä¶,0.4574,0.115,0.885,0.0,20
20,BBC,Wed Mar 21 09:33:01 +0000 2018,"‚õàüå§üòÇ @AlanCarr responds to those weather forecasters that LOVE a bit of drama. 
https://t.co/T9gpTdqDt3",0.7125,0.291,0.709,0.0,21
21,BBC,Wed Mar 21 09:03:05 +0000 2018,"üåªüåªüåª Did you know that the head of a sunflower is built of up to 2000 flowers? 

üìªüëâ https://t.co/aIWLu7AQES https://t.co/gNmcaG1ri5",0.0,0.0,1.0,0.0,22
22,BBC,Wed Mar 21 08:02:03 +0000 2018,"Wow! 19-year-old Justice Osei from Ghana has an amazing talent for imitating animals. üêäüê¢üêíü¶áüêáüêøüêìüêëüê∏ü¶Üü¶é
https://t.co/UZqeSyzsQB",0.9336,0.562,0.438,0.0,23
23,BBC,Tue Mar 20 19:48:04 +0000 2018,"This #WorldFrogDay, why not try making an origami jumping frog with @BBCTaster's step-by-step tutorial? üê∏‚Ä¶ https://t.co/jjMqUND883",0.0,0.0,1.0,0.0,24
24,BBC,Tue Mar 20 19:03:04 +0000 2018,"Michael Portillo travels across India guided by Bradshaw's 1913 Handbook of Indian, Foreign and Colonial Travel. üáÆüá≥‚Ä¶ https://t.co/4WG0esDk8m",0.0,0.0,1.0,0.0,25
25,BBC,Tue Mar 20 18:33:01 +0000 2018,"Can you watch this without laughing? üòπüîä You'll want your sound on for this! #InternationalDayOfHappiness

https://t.co/vA5yr0PCC5",-0.3859,0.071,0.768,0.16,26
26,BBC,Tue Mar 20 17:33:03 +0000 2018,"Professor Stephen Hawking's funeral will take place in Cambridge - ""the city that he loved so much and which loved‚Ä¶ https://t.co/LHh0Nfeh6U",0.34,0.16,0.738,0.102,27
27,BBC,Tue Mar 20 17:03:01 +0000 2018,"Un-bee-lievable! üêùüòç Meet the woman who kept a bee as a pet. 
https://t.co/5zRxWpSGOH",0.0,0.0,1.0,0.0,28
28,BBC,Tue Mar 20 16:05:04 +0000 2018,"Arise, Sir Ringo! üéñüé∂@thebeatles drummer @ringostarrmusic has been knighted for his services to music.‚Ä¶ https://t.co/OQLixgO2Zi",0.0,0.0,1.0,0.0,29
29,BBC,Tue Mar 20 15:33:03 +0000 2018,The first polar bear cub to be born in the UK for 25 years has emerged from his den at Scotland's Highland Wildlife‚Ä¶ https://t.co/WZLoy2mz7y,0.0,0.0,1.0,0.0,30
30,BBC,Tue Mar 20 15:03:02 +0000 2018,"'Everybody has a voice'. ‚ù§Ô∏èÔ∏èüé∂

Rugby legends JPR Williams and JJ Williams visit @FMNChorus and the BBC National Cho‚Ä¶ https://t.co/myuIpumZnL",0.4084,0.132,0.868,0.0,31
31,BBC,Tue Mar 20 14:24:06 +0000 2018,üì∏The best pictures from the 2018 Paralympic Winter Games in Pyeongchang: https://t.co/w8dYDPHkAw https://t.co/0SVnupv9rB,0.6369,0.259,0.741,0.0,32
32,BBC,Tue Mar 20 14:03:04 +0000 2018,Prince Harry and Meghan Markle have chosen an organic lemon and elderflower cake for their wedding in May. üç∞üçãüíç‚Ä¶ https://t.co/H7dWlxmYcR,0.0,0.0,1.0,0.0,33
33,BBC,Tue Mar 20 13:16:25 +0000 2018,"RT @BBCWalesNews: üéüüéûüçøCinema makes maths class an offer they can't refuse
Full story: https://t.co/Uwg6NTRFVF https://t.co/hr4dglHIu3",0.2235,0.119,0.881,0.0,34
34,BBC,Tue Mar 20 13:02:01 +0000 2018,"People always have an opinion. üôÑüòÇ Here's why @AlanCarr doesn't trust TripAdvisor reviews. #LiveAtTheApollo 

https://t.co/PvF6K9hYMI",-0.4023,0.0,0.838,0.162,35
35,BBC,Tue Mar 20 11:03:23 +0000 2018,"From a spot of spring cleaning to rolling cheese down a hill... üï∏üßÄüå±

Here are nine ways to celebrate spring!‚Ä¶ https://t.co/ujBmBsHast",0.6114,0.182,0.818,0.0,36
36,BBC,Tue Mar 20 10:30:04 +0000 2018,"Sudan, the world's last surviving male northern white rhino has died after months of ill health. üíîü¶è‚Ä¶ https://t.co/BnYne3cI2L",-0.6369,0.093,0.636,0.271,37
37,BBC,Tue Mar 20 10:04:02 +0000 2018,"This #InternationalDayOfHappiness, let's all try to be a little more like @chessmartinez. üòäüëè#LiveAtTheApollo 

https://t.co/VddL8zWJfS",0.3642,0.173,0.827,0.0,38
38,BBC,Tue Mar 20 09:49:33 +0000 2018,"RT @BBCOne: They've finally quacked the case.

https://t.co/eq4dLcauhe",0.0,0.0,1.0,0.0,39
39,BBC,Tue Mar 20 09:49:23 +0000 2018,"RT @BBCEarth: Sudan‚Äôs death leaves just two females of the subspecies alive in the world 
https://t.co/kCpRCxFaFY",-0.3182,0.127,0.683,0.19,40
40,BBC,Tue Mar 20 09:49:10 +0000 2018,RT @bbcthree: RuPaul is the first drag queen to get a Hollywood star. Sissy that Walk of Fame.  https://t.co/SmqOPQizh3 https://t.co/hWb1Xm‚Ä¶,0.25,0.133,0.78,0.087,41
41,BBC,Tue Mar 20 09:49:02 +0000 2018,"RT @BBCBreakfast: ‚ùÑÔ∏è‚ùÑÔ∏èBBRRR....Could it be the coldest day yet for the Spring Equinox?
Let us know what temp it is where you are today.  #S‚Ä¶",0.0,0.0,1.0,0.0,42
42,BBC,Tue Mar 20 09:32:02 +0000 2018,"Meet Bumblebee and Gnat, two adorable badger cubs being raised at an animal sanctuary. üòç
https://t.co/Ihami0VtL0",0.4939,0.186,0.814,0.0,43
43,BBC,Tue Mar 20 09:03:04 +0000 2018,Spring is here! But what is the #SpringEquinox? üå∫üåªüå∏üå±https://t.co/RiWP3PC7Yo https://t.co/FIKocYFP6C,0.0,0.0,1.0,0.0,44
44,BBC,Tue Mar 20 08:25:06 +0000 2018,Five times Beyonce and Jay-Z‚Äôs daughter Blue Ivy outshone her parents. ‚≠êÔ∏è https://t.co/JaNAzsofOm https://t.co/DnoyApY0yL,0.0,0.0,1.0,0.0,45
45,BBC,Tue Mar 20 08:03:03 +0000 2018,Traditional Highland Games sports such as tossing the caber and tug-of-war are to be taught in PE lessons. üèÜ‚Ä¶ https://t.co/jv5wlpmlyT,0.0,0.0,1.0,0.0,46
46,BBC,Mon Mar 19 19:33:04 +0000 2018,"Follow the dramatic and deadly series of events that took place at two funerals in Belfast in March 1988. 

The Fun‚Ä¶ https://t.co/y3MZaR8hsi",-0.3818,0.0,0.89,0.11,47
47,BBC,Mon Mar 19 18:33:05 +0000 2018,"Leonardo DiCaprio stars in the true story of a con man who cashed fake cheques worth millions. 

Catch Me If You Ca‚Ä¶ https://t.co/HWShPj9ngi",0.1531,0.175,0.709,0.116,48
48,BBC,Mon Mar 19 18:03:01 +0000 2018,"üòÇüì∏ @AlanCarr learned the hard way that you only get one shot at a school photo. #LiveAtTheApollo 

https://t.co/fv5JmcRgz4",-0.1027,0.0,0.92,0.08,49
49,BBC,Mon Mar 19 17:30:08 +0000 2018,üé§Pop band @FifthHarmony have announced they're taking a break to pursue solo careers üé∂https://t.co/tLOR7h1gZy https://t.co/5c77Cfjfp6,0.0,0.0,1.0,0.0,50
50,BBC,Mon Mar 19 17:00:05 +0000 2018,"Murder. Innocence. Lies. 

@AgathaChristie classic, #OrdealByInnocence, comes to @BBCOne soon.
https://t.co/qfJThHowXC",-0.7096,0.144,0.442,0.414,51
51,BBC,Mon Mar 19 16:33:29 +0000 2018,Here are the latest snow scenes from around the UK. ‚ùÑÔ∏èüì∏ https://t.co/eTBGkQ4MPU https://t.co/txRHxkOn5C,0.0,0.0,1.0,0.0,52
52,BBC,Mon Mar 19 15:02:02 +0000 2018,'Flabbergasted'. üé∂This is the incredible moment when eight London teenagers heard a live opera singer for the first‚Ä¶ https://t.co/jNki4Z61SE,0.0,0.0,1.0,0.0,53
53,BBC,Mon Mar 19 14:30:08 +0000 2018,"Meet the dancing slum kids tipped for stardom by Rihanna üé∂
https://t.co/R61fzQGIzd https://t.co/wGcvBKmdaZ",0.0,0.0,1.0,0.0,54
54,BBC,Mon Mar 19 13:44:55 +0000 2018,"RT @bbcgetinspired: The Nation's Billion Steps Challenge is here! üôå 

Yesterday we did an amazing 431 million steps ‚Äì can we do even better‚Ä¶",0.6588,0.212,0.788,0.0,55
55,BBC,Mon Mar 19 13:03:04 +0000 2018,"üí≠ ""There's always that voice in the back of your head that says you're not good enough"". 

 üí™ @CarrieHFletcher on b‚Ä¶ https://t.co/0AsBxFFiQA",-0.3412,0.0,0.888,0.112,56
56,BBC,Mon Mar 19 12:55:17 +0000 2018,RT @BBCRadioScot: This must have been some buzz! üêùüêùüêù https://t.co/0gqtbQBN1i,0.0,0.0,1.0,0.0,57
57,BBC,Mon Mar 19 12:30:05 +0000 2018,Where are the UK's youngest and oldest city populations? https://t.co/eIU7UzqHBS https://t.co/vdXMTDluuX,0.0,0.0,1.0,0.0,58
58,BBC,Mon Mar 19 11:50:58 +0000 2018,RT @BBCSport: This 102-shot badminton rally will leave you exhausted... https://t.co/LFC4r4iwiz,-0.0516,0.0,0.893,0.107,59
59,BBC,Mon Mar 19 11:33:04 +0000 2018,"Have you got a passion for plants? üåøüå∏üå±üçÉüå∑

Test your knowledge of all things foliage in this quiz. üëâ‚Ä¶ https://t.co/evogV5ljAc",0.4588,0.143,0.857,0.0,60
60,BBC,Mon Mar 19 10:53:19 +0000 2018,"RT @BBCSport: üéâ The Commonwealth Games are almost upon us! üéâ

Scotland's Lynsey Sharp has given us the inside track on preparing for succes‚Ä¶",0.0,0.0,1.0,0.0,61
61,BBC,Mon Mar 19 10:33:03 +0000 2018,The oldest dog that the Dogs Trust has ever looked after has been given a new home. ‚ù§Ô∏èÔ∏èüê∂https://t.co/h0WQHkfMEf https://t.co/ixb7gesOIj,0.5106,0.163,0.837,0.0,62
62,BBC,Mon Mar 19 09:58:24 +0000 2018,"RT @BBCR1: Desperately searching for any signs of spring like... üå∏

#MondayMotivation https://t.co/9jo3h4C7bu",-0.3818,0.0,0.809,0.191,63
63,BBC,Mon Mar 19 09:58:15 +0000 2018,"RT @BBCRadioWales: ‚ùÑÔ∏è Snowy Cardiff! ‚õÑÔ∏è 

What‚Äôs it like for you?

#ButePark 
#Cardiff 
#MiniBeast
#Snow https://t.co/O8gY1qjHVE",0.4199,0.157,0.843,0.0,64
64,BBC,Mon Mar 19 09:58:10 +0000 2018,"RT @BBCNews: Stem cell transplant ""game changer"" for MS patients https://t.co/BGWtdtXUAP",0.0,0.0,1.0,0.0,65
65,BBC,Mon Mar 19 09:57:58 +0000 2018,RT @BBCBreakfast: Anyone want to play a game of spot Tracey's feet? Our floor manager Tracey had to dive behind the sofa to avoid being on‚Ä¶,0.128,0.133,0.789,0.079,66
66,BBC,Mon Mar 19 09:32:02 +0000 2018,"'Who wants a normal life?' We should all be a little more like @chessmartinez. üëèüíñ #LiveAtTheApollo

https://t.co/VddL8zWJfS",0.3642,0.152,0.848,0.0,67
67,BBC,Mon Mar 19 09:27:50 +0000 2018,"RT @BBCWthrWatchers: Some incredible photos sent in last night of the #Auroraborealis from Skye Woody, Cumbrian stargazer and DJStewie.  Di‚Ä¶",0.0,0.0,1.0,0.0,68
68,BBC,Mon Mar 19 08:45:02 +0000 2018,Beautiful spring blossom in south-west China has been captured by drone https://t.co/WTo7JjiKXw,0.5994,0.262,0.738,0.0,69
69,BBC,Mon Mar 19 08:02:00 +0000 2018,"ü§î Should we still be worried about the hole in the ozone layer?

üå§ @SimonOKing and @clarenasir investigate in their‚Ä¶ https://t.co/SZV3Df9y0t",-0.296,0.0,0.891,0.109,70
70,BBC,Sun Mar 18 20:30:11 +0000 2018,"üèÉüí™ @LesDennis, @SimplySusannah, @Tameka_Empson and Miles Jupp embark on a muscle-grinding mission to regain their f‚Ä¶ https://t.co/B1rXaalmk2",0.0,0.0,1.0,0.0,71
71,BBC,Sun Mar 18 20:03:04 +0000 2018,üëéüíå Fans of K-Pop boyband member @IBGDRGN have been asked to stop sending fan mail to the army base where he's doing‚Ä¶ https://t.co/ojtDZ3gMfb,0.0258,0.09,0.824,0.086,72
72,BBC,Sun Mar 18 19:33:04 +0000 2018,"Saoirse Ronan stars as Eilis, a young girl who jumps at the chance of a better life when she emigrates to New York.‚Ä¶ https://t.co/NtHAfh6cjZ",0.5994,0.197,0.803,0.0,73
73,BBC,Sun Mar 18 18:44:02 +0000 2018,"Ruth Ellis was only 28 when she became the last woman hanged to death in the UK. 

#TheRuthEllisFiles | Watch on‚Ä¶ https://t.co/5kUIFtom7t",-0.5994,0.0,0.837,0.163,74
74,BBC,Sun Mar 18 18:34:14 +0000 2018,"RT @BBC_TopGear: 840bhp goes a little like this‚Ä¶

@Matt_LeBlanc takes the Dodge Challenger SRT #Demon to the drag strip in this Sunday‚Äôs @T‚Ä¶",0.204,0.151,0.772,0.077,75
75,BBC,Sun Mar 18 17:18:12 +0000 2018,"RT @bbcthree: Be honest, do you think you'll be this fit at 81? https://t.co/Eca0uGCF6b",0.7331,0.34,0.66,0.0,76
76,BBC,Sun Mar 18 17:04:03 +0000 2018,"üçéüóë How much food do you throw away? If you're a typical Brit, you probably think it's hardly any.

You're in denial‚Ä¶ https://t.co/0bSCbRrZJr",0.0,0.0,1.0,0.0,77
77,BBC,Sun Mar 18 16:33:17 +0000 2018,"‚ù§Ô∏èÔ∏èüì∏Zun Lee wants his photography to give a balanced and nuanced portrayal of black fatherhood.

üëâ‚Ä¶ https://t.co/LodRrr27fd",0.0,0.0,1.0,0.0,78
78,BBC,Sun Mar 18 15:41:04 +0000 2018,"ü§∞ A doctor explains why you can get pregnant and give birth without having a baby bump. 
üëâ https://t.co/nVrSpQoTOT https://t.co/iEEOjZdBKL",0.0,0.0,1.0,0.0,79
79,BBC,Sun Mar 18 14:33:07 +0000 2018,RT @BBCEngland: A number of runners have held their own half-marathon in Reading after the official event was called off due to the snowy w‚Ä¶,0.0772,0.053,0.947,0.0,80
80,BBC,Sun Mar 18 14:28:23 +0000 2018,RT @BBCSport: They‚Äôve done it! Gold for GB‚Äôs Menna Fitzpatrick and Jen Kehoe in the visually impaired slalom at the Winter Paralympics. And‚Ä¶,0.0,0.0,1.0,0.0,81
81,BBC,Sun Mar 18 14:18:01 +0000 2018,üì±üöó Why a rise in electric cars could also mean a hike in the cost of your next phone. https://t.co/6i5xFQgRIW,0.0,0.0,1.0,0.0,82
82,BBC,Sun Mar 18 14:08:37 +0000 2018,RT @BBC6Music: ‚úèÔ∏è Which song has the greatest opening line?,0.6369,0.318,0.682,0.0,83
83,BBC,Sun Mar 18 13:45:03 +0000 2018,üé§Pop music is awash with those that released one hit album and never followed it up. Here are 7 huge artists that o‚Ä¶ https://t.co/4ukT9drcdG,0.3182,0.095,0.905,0.0,84
84,BBC,Sun Mar 18 13:00:08 +0000 2018,"üçîüò≤ Would you eat a burger pie?  
#BackInTimeForTea https://t.co/zGWzJwdSlM",0.0,0.0,1.0,0.0,85
85,BBC,Sun Mar 18 12:29:50 +0000 2018,RT @BBCOne: If food is the language of love... https://t.co/5hnYovE94o,0.0,0.0,1.0,0.0,86
86,BBC,Sun Mar 18 11:43:04 +0000 2018,"Ever wondered why David Bowie wore an eye patch?

Strange things artists have worn on stage and the reasons why. 
üëâ‚Ä¶ https://t.co/8zSBXQkLvy",-0.4588,0.0,0.833,0.167,87
87,BBC,Sun Mar 18 10:30:04 +0000 2018,"üçûü•ñ Want to learn how to bake bread?

These easy to follow recipes and step-by-step videos will have you baking ever‚Ä¶ https://t.co/iXEmj5WJdD",0.4939,0.174,0.826,0.0,88
88,BBC,Sun Mar 18 10:00:08 +0000 2018,"‚ÄúI regret spending ¬£50,000 on my wedding.‚Äù https://t.co/6PxJsDf9dn https://t.co/eJdx7KMmmK",-0.4215,0.0,0.741,0.259,89
89,BBC,Sun Mar 18 09:30:03 +0000 2018,"How to be 20 on the inside, even when you‚Äôre 80 on the outside... https://t.co/KB2mqpkrIB",0.0,0.0,1.0,0.0,90
90,BBC,Sun Mar 18 09:19:33 +0000 2018,"RT @BBCNews: Snow and ice are bringing disruption to many parts of the UK - but they're not stopping everyone from having fun üê∂‚ùÑÔ∏è

https://‚Ä¶",0.656,0.212,0.727,0.061,91
91,BBC,Sun Mar 18 09:10:02 +0000 2018,"RT @bbc5live: The beast from the east is back ‚ùÑÔ∏èüå®Ô∏è

You've been in touch this morning with your #uksnow pics, here are just a few...

What'‚Ä¶",0.0,0.0,1.0,0.0,92
92,BBC,Sat Mar 17 20:02:01 +0000 2018,"These seven celebrities are about to go on the journey of a lifetime... #Pilgrimage
https://t.co/m45UBXJew2",0.0,0.0,1.0,0.0,93
93,BBC,Sat Mar 17 19:21:02 +0000 2018,Can we just take a moment to discuss Eddie Redmanyne's coats?https://t.co/odVkhWyRKs,0.0,0.0,1.0,0.0,94
94,BBC,Sat Mar 17 18:32:01 +0000 2018,"Ouch! üòÇüî•@GordonRamsay's daughter is hilarious... 
https://t.co/0dqwntX5uj",0.0,0.0,1.0,0.0,95
95,BBC,Sat Mar 17 18:03:04 +0000 2018,"üêú1‚É£2‚É£3‚É£Sir David Attenborough explores whether there is counting in the natural world. 

David Attenborough's Natur‚Ä¶ https://t.co/Q4H4uXR4pt",0.3612,0.143,0.857,0.0,96
96,BBC,Sat Mar 17 17:30:07 +0000 2018,One of the writers for The Simpsons has told @BBCNewsbeat Stephen Hawking was such a big fan of the show - he'd sho‚Ä¶ https://t.co/Jjer3V4cYk,0.3182,0.099,0.901,0.0,97
97,BBC,Sat Mar 17 17:00:08 +0000 2018,"üéìüìö 'The moment I gave Reese Witherspoon my Legally Blonde dissertation... and yes, it was scented.'
üëâ‚Ä¶ https://t.co/z8x5mqqKoW",0.4767,0.215,0.785,0.0,98
98,BBC,Sat Mar 17 16:39:39 +0000 2018,RT @BBCWorld: Blossom in south-west China captured by drone https://t.co/gIDKUn1La6,0.0,0.0,1.0,0.0,99
99,BBC,Sat Mar 17 15:03:12 +0000 2018,"This year, over 250 landmarks across the globe are going green for #StPatricksDay! üçÄ https://t.co/TlWqU0TXQT https://t.co/i4sW4OaGrQ",0.0,0.0,1.0,0.0,100
100,CBS,Wed Mar 21 18:00:01 +0000 2018,Female Vocalist Of The Year nominee @MarenMorris will show her fans how it‚Äôs done when she takes the stage to showc‚Ä¶ https://t.co/PITjmAoFT8,0.0,0.0,1.0,0.0,1
101,CBS,Tue Mar 20 20:00:01 +0000 2018,The legendary @Reba returns to host the 53rd #ACMawards and she‚Äôs proving just how comfortable she is behind the mi‚Ä¶ https://t.co/XPXcSPRXqC,0.5106,0.142,0.858,0.0,2
102,CBS,Tue Mar 20 17:58:43 +0000 2018,RT @nancyodell: Told my daughter I'd be presenting at @ACMawards again this year. (Woot woot!We both luv country music!)She took this pic o‚Ä¶,0.0,0.0,1.0,0.0,3
103,CBS,Tue Mar 20 16:52:42 +0000 2018,RT @ladyantebellum: Ecstatic to announce we'll be performing at the #ACMawards in Las Vegas again this year! https://t.co/Qfhs94j6FR,0.5562,0.174,0.826,0.0,4
104,CBS,Tue Mar 20 16:11:00 +0000 2018,"Country superstars @kennychesney, @ladyantebellum, @blakeshelton, and @KeithUrban have just been added to the stell‚Ä¶ https://t.co/bJ4If7MacP",0.0,0.0,1.0,0.0,5
105,CBS,Mon Mar 19 21:02:26 +0000 2018,"RT @YandR_CBS: Forever evolving, Forever inspiring, Forever Young and Restless. ‚ù§Ô∏è Get ready to celebrate 45 years of #YR starting in just‚Ä¶",0.7845,0.309,0.619,0.072,6
106,CBS,Sun Mar 18 23:44:30 +0000 2018,New start times in East/Central Time Zones: #60Minutes 7:37ET/6:37CT #Instinct series premiere 8:37ET/7:37CT‚Ä¶ https://t.co/xT3YKqmu2M,0.0,0.0,1.0,0.0,7
107,CBS,Sun Mar 18 18:05:43 +0000 2018,Spend your Sunday streaming Second Round games LIVE with a FREE trial of CBS All Access! https://t.co/3P85rXLy4b https://t.co/zbWfirD9Ju,0.6514,0.213,0.787,0.0,8
108,CBS,Sun Mar 18 17:09:53 +0000 2018,"RT @instinctcbs: TONIGHT, Dr. Dylan Reinhart rewrites the book on abnormal behavior. Don't miss the premiere of #Instinct at 8/7c! https://‚Ä¶",0.1867,0.08,0.92,0.0,9
109,CBS,Sat Mar 17 19:00:02 +0000 2018,"If any duo knows how to rock the stage, it's @FLAGALine. The Vocal Duo Of The Year nominee will perform live at the‚Ä¶ https://t.co/FknabB8NQp",0.0,0.0,1.0,0.0,10
110,CBS,Sat Mar 17 17:42:43 +0000 2018,How is your bracket looking after last night? Stream Second Round games LIVE today with a FREE trial of CBS All Acc‚Ä¶ https://t.co/25JlIpgwog,0.6166,0.161,0.839,0.0,11
111,CBS,Sat Mar 17 14:00:03 +0000 2018,Where better to spend #StPatricksDay than the place everybody knows your name? It‚Äôs just your luck that every singl‚Ä¶ https://t.co/Fom5wmdENL,0.7096,0.247,0.753,0.0,12
112,CBS,Fri Mar 16 22:53:21 +0000 2018,Stars @JakeMcDorman and Nik Dodani will join the cast in the upcoming revival of Murphy Brown coming to CBS.‚Ä¶ https://t.co/JCAx29lo0i,0.296,0.104,0.896,0.0,13
113,CBS,Fri Mar 16 18:15:53 +0000 2018,"RT @thegoodfight: Go behind the scenes with costume designer @DanLawsonStyle in ""Behind The Style,"" a new weekly video series all about the‚Ä¶",0.0,0.0,1.0,0.0,14
114,CBS,Fri Mar 16 16:28:40 +0000 2018,The games have just begun! Continue to stream First Round games LIVE today with a FREE trial of CBS All Access:‚Ä¶ https://t.co/YTGsJ48zYP,0.6514,0.178,0.822,0.0,15
115,CBS,Thu Mar 15 17:54:06 +0000 2018,"RT @TheTalkCBS: You asked, we answered! The fun never ends when the ladies #KeepTalking and answer your fan questions üó£üí¨‚û°Ô∏è https://t.co/ie1‚Ä¶",0.7088,0.237,0.763,0.0,16
116,CBS,Thu Mar 15 17:20:26 +0000 2018,RT @instinctcbs: Dr. Dylan Reinhart is lured back into the field from his life of quiet academia when a certain serial killer makes things‚Ä¶,-0.4939,0.077,0.766,0.157,17
117,CBS,Thu Mar 15 16:42:41 +0000 2018,Stream First Round games LIVE today starting at 12PM ET with a FREE trial of CBS All Access! https://t.co/3P85rXLy4b https://t.co/vZow3YD8cb,0.6514,0.194,0.806,0.0,18
118,CBS,Thu Mar 15 14:32:16 +0000 2018,RT @CBSSports: It's the most wonderful time of the year. #MarchMadness https://t.co/e4c9qohqSR,0.6115,0.266,0.734,0.0,19
119,CBS,Wed Mar 14 19:30:01 +0000 2018,"Give these ladies some love! @Lauren_Alaina, @DBradbery, @carlypearce, and @RaeLynn are nominated for New Female Vo‚Ä¶ https://t.co/IVhwURfJ3S",0.6696,0.219,0.781,0.0,20
120,CBS,Tue Mar 13 18:48:52 +0000 2018,"RT @ManWithAPlan: Hungry for more #ManWithAPlan bloopers and behind-the-scenes videos featuring cast like @matt_leblanc, @thelizasnyder, @k‚Ä¶",0.3612,0.143,0.857,0.0,21
121,CBS,Tue Mar 13 14:15:10 +0000 2018,"Music stars @MileyCyrus, @edsheeran, @ladygaga, and more will honor the legendary @eltonofficial and his hit songs‚Ä¶ https://t.co/UzxARCCLnI",0.539,0.179,0.821,0.0,22
122,CBS,Mon Mar 12 18:13:28 +0000 2018,RT @thegoodfight: The verdict is in. The new season of #TheGoodFight is üî•üî•üî•! Stream it now on CBS All Access: https://t.co/FkYSNSXlRb https‚Ä¶,0.2244,0.083,0.917,0.0,23
123,CBS,Mon Mar 12 01:20:43 +0000 2018,"RT @MadamSecretary: In less than an hour, #MadamSecretary's Keith Carradine will be taking over the @MadamSecretary Twitter page! Tweet alo‚Ä¶",0.0,0.0,1.0,0.0,24
124,CBS,Fri Mar 09 22:48:26 +0000 2018,RT @DierksBentley: Take and post a photo of the woman in your life who inspires you daily! Use the hashtag #WomanAmenACM in your post for a‚Ä¶,0.4926,0.117,0.883,0.0,25
125,CBS,Fri Mar 09 22:24:20 +0000 2018,"RT @MomCBS: If you missed guest star @KChenoweth in the latest episode of #Mom, not to worry! Watch now: https://t.co/RlvXoGOZ0l https://t.‚Ä¶",0.1275,0.113,0.795,0.092,26
126,CBS,Fri Mar 09 21:10:21 +0000 2018,"Give a round of applause to @KelseaBallerini, @MirandaLambert, @Reba, @MarenMorris, and @CarrieUnderwood, the five‚Ä¶ https://t.co/Ncp1BTXx6N",0.4215,0.177,0.823,0.0,27
127,CBS,Fri Mar 09 18:27:28 +0000 2018,"RT @thegoodfight: Smart, sexy, and sophisticated. See what's coming this season on #TheGoodFight. https://t.co/CuKhx2G50P https://t.co/ygTI‚Ä¶",0.8658,0.447,0.553,0.0,28
128,CBS,Fri Mar 09 16:02:27 +0000 2018,RT @BlueBloods_CBS: Even stand-up guys fall down sometimes. #BlueBloods is new tonight at 10/9c! https://t.co/UOlDm22wWW,0.0,0.0,1.0,0.0,29
129,CBS,Thu Mar 08 18:00:49 +0000 2018,Today and every day we celebrate the women in our lives who empower and inspire us. Share a story about an¬†influent‚Ä¶ https://t.co/9rVtqrElvT,0.8625,0.336,0.664,0.0,30
130,CBS,Thu Mar 08 17:03:04 +0000 2018,Take and post a photo of the woman in your life who inspires you daily! Use the hashtag #WomanAmenACM in your post‚Ä¶ https://t.co/7ShhvE48zy,0.4926,0.132,0.868,0.0,31
131,CBS,Wed Mar 07 18:39:10 +0000 2018,"RT @thegoodfight: Meticulously constructed. Soapy &amp; sexy. Intoxicating, savage television. üî• Here's what critics are saying about #TheGoodF‚Ä¶",-0.2023,0.15,0.619,0.23,32
132,CBS,Wed Mar 07 17:06:02 +0000 2018,"This just in! @Jason_Aldean, @mirandalambert, @LukeBryanOnline, and many more are set to perform at the 53rd Academ‚Ä¶ https://t.co/mfxw2VxzU4",0.0,0.0,1.0,0.0,33
133,CBS,Tue Mar 06 18:10:59 +0000 2018,"Meet the ensemble of talented actors slated to join $1, a new mystery series coming to CBS All Access:‚Ä¶ https://t.co/QoyYv7vxwg",0.6705,0.244,0.756,0.0,34
134,CBS,Mon Mar 05 22:16:43 +0000 2018,"Will @Jason_Aldean, @garthbrooks, @LukeBryanOnline, @ChrisStapleton, or @KeithUrban be named Entertainer Of The Yea‚Ä¶ https://t.co/rMD8zjeX3s",0.3818,0.167,0.833,0.0,35
135,CBS,Sun Mar 04 08:05:26 +0000 2018,"RT @thegoodfight: It feels good to be back. üë†üíÑüî• The season 2 premiere of #TheGoodFight is now streaming, exclusively on CBS All Access: htt‚Ä¶",0.4404,0.116,0.884,0.0,36
136,CBS,Sat Mar 03 20:55:20 +0000 2018,"RT @thegoodfight: Tomorrow, #TheGoodFight is back. Stream the season 2 premiere only on CBS All Access: https://t.co/tNFR8LBJO2 https://t.c‚Ä¶",0.0,0.0,1.0,0.0,37
137,CBS,Fri Mar 02 22:30:01 +0000 2018,"Who are the trailblazing women in your life that inspire you? Join CBS and the ANA's #SeeHer initiative, celebratin‚Ä¶ https://t.co/M0KqZ41Bes",0.7096,0.247,0.753,0.0,38
138,CBS,Fri Mar 02 20:30:01 +0000 2018,"Join @maria_bello, @aishatyler and @TeaLeoni in celebrating the accomplishments of women who have contributed to th‚Ä¶ https://t.co/MefESBeFL3",0.7096,0.282,0.718,0.0,39
139,CBS,Fri Mar 02 18:45:00 +0000 2018,"In honor of Women's History Month, CBS and the Association of National Advertisers' (ANA) #SeeHer initiative will p‚Ä¶ https://t.co/2wtYxKJVuO",0.4939,0.151,0.849,0.0,40
140,CBS,Thu Mar 01 18:59:01 +0000 2018,RT @ZoeListerJones: Tonight‚Äôs an all new Life In Pieces and it‚Äôs directed by my ride or die @nataliaanderson!!!‚Ä¶ https://t.co/2LPfmyLWrY,-0.6981,0.0,0.79,0.21,41
141,CBS,Thu Mar 01 18:12:57 +0000 2018,"RT @MarenMorris: Hot damn! Woke up from my post-wisdom teeth haze to find out I‚Äôm up for 4 @ACMawards ! So honored, especially for the Dear‚Ä¶",0.4547,0.159,0.749,0.092,42
142,CBS,Thu Mar 01 18:11:50 +0000 2018,RT @KelseaBallerini: Ohhhhh goodness. Incredible. Thank you thank you thank you. #female https://t.co/1ZTYjNfQeF,0.8591,0.538,0.462,0.0,43
143,CBS,Thu Mar 01 18:10:50 +0000 2018,RT @KeithUrban: ACMs...... HOLY SMOKES!!!!! MAD LOVE TO U ALL THIS MORNING  FOR THESE INCREDIBLE NOMINATIONS. I‚ÄôM EXTREMELY GRATEFUL!!!!!!!‚Ä¶,0.4885,0.234,0.615,0.151,44
144,CBS,Thu Mar 01 14:36:21 +0000 2018,"RT @ACMawards: Congratulations to this year‚Äôs #ACMawards Video of the Year nominees:
‚ÄúBlack‚Äù - @DierksBentley
‚ÄúIt Ain‚Äôt My Fault‚Äù - @Brothe‚Ä¶",0.5994,0.178,0.822,0.0,45
145,CBS,Thu Mar 01 14:29:20 +0000 2018,"RT @ACMawards: Please give a round of applause to this year‚Äôs #ACMawards Entertainer of the Year nominees: @Jason_Aldean, @GarthBrooks, @Lu‚Ä¶",0.7717,0.325,0.675,0.0,46
146,CBS,Thu Mar 01 14:15:29 +0000 2018,".@ChrisStapleton, @ThomasRhett, @mirandalambert and more are all nominated for awards at Country Music's Party of t‚Ä¶ https://t.co/Vm1vXRUDYJ",0.6908,0.275,0.725,0.0,47
147,CBS,Thu Mar 01 13:50:11 +0000 2018,"The Queen of Country, @Reba, is returning to host the 53rd #ACMawards on Sunday, April 15 at 8/7c. Here are a few o‚Ä¶ https://t.co/Iqzz6Gql01",0.0,0.0,1.0,0.0,48
148,CBS,Thu Mar 01 01:04:52 +0000 2018,RT @survivorcbs: It‚Äôs time! #Survivor https://t.co/YPk6cGWrUA,0.0,0.0,1.0,0.0,49
149,CBS,Wed Feb 28 19:56:58 +0000 2018,"RT @CBSThisMorning: TOMORROW: The nominees for the 2018 @ACMawards will be announced live by the one-and-only, @Reba! 

Watch on @CBS in ou‚Ä¶",0.0,0.0,1.0,0.0,50
150,CBS,Wed Feb 28 19:08:30 +0000 2018,"RT @thegoodfight: From the set design and costumes to hair and makeup, the production quality is truly next-level. Take a peek inside the u‚Ä¶",0.4404,0.116,0.884,0.0,51
151,CBS,Tue Feb 27 03:23:47 +0000 2018,RT @LivinBiblically: The fun continues on Facebook! The #LivingBiblically cast is live to talk about tonight‚Äôs premiere. Tune in here: http‚Ä¶,0.5562,0.152,0.848,0.0,52
152,CBS,Mon Feb 26 22:50:32 +0000 2018,"RT @KevinCanWaitCBS: Can you get all the way through these #KevinCanWait bloopers without laughing?! @KevinJames,@LeahRemini and the rest o‚Ä¶",0.0,0.0,1.0,0.0,53
153,CBS,Mon Feb 26 21:08:30 +0000 2018,"RT @ACMawards: That‚Äôs right! @Reba is headed to @CBSThisMorning on Thursday, March 1 to announce this year‚Äôs #ACMAwards' nominees. Tune in‚Ä¶",0.0,0.0,1.0,0.0,54
154,CBS,Mon Feb 26 19:53:41 +0000 2018,"RT @ScorpionCBS: You can't hack your way to a 197 IQ, but you are well on your way with these Genius Facts from #TeamScorpion! üíª You can be‚Ä¶",0.4482,0.105,0.895,0.0,55
155,CBS,Mon Feb 26 18:32:36 +0000 2018,RT @SuperiorDonuts: You can always count on @DavidKoechner for a laugh! Did your favorite Tush moment make the list? Catch a new #SuperiorD‚Ä¶,0.784,0.266,0.734,0.0,56
156,CBS,Mon Feb 26 18:20:16 +0000 2018,RT @TheTalkCBS: TODAY: We loved them together then &amp; we love seeing them together now! Welcome back to the show @THESaraGilbert‚Äã's good fri‚Ä¶,0.9359,0.429,0.571,0.0,57
157,CBS,Mon Feb 26 16:53:56 +0000 2018,"RT @thegoodfight: As foundations begin to crumble, our characters struggle to make sense of this new dystopian world. The cast teases what'‚Ä¶",-0.5423,0.0,0.816,0.184,58
158,CBS,Mon Feb 26 16:52:01 +0000 2018,"#LivingBiblically's @linzkraft and @jrfergjr appeared on @KCBS's Facebook Live this morning, talking all about what‚Ä¶ https://t.co/4RebcHuuMQ",0.0,0.0,1.0,0.0,59
159,CBS,Mon Feb 26 16:17:55 +0000 2018,"RT @CBSSports: Introducing CBS Sports HQ, a New 24/7 Direct-to-Consumer Streaming Network for Sports News, Highlights, &amp; Analysis.

Stream‚Ä¶",0.0,0.0,1.0,0.0,60
160,CBS,Mon Feb 26 01:12:32 +0000 2018,"RT @CBSBigBrother: It‚Äôs down to the final 5 celebrity Houseguests, and anyone could take home the grand prize! Tune in NOW to watch the #BB‚Ä¶",0.7644,0.231,0.769,0.0,61
161,CBS,Sun Feb 25 21:51:32 +0000 2018,RT @startrekcbs: Binge the entire first season of #StarTrekDiscovery. All episodes now streaming exclusively on CBS All Access: https://t.c‚Ä¶,0.0,0.0,1.0,0.0,62
162,CBS,Sun Feb 25 21:51:22 +0000 2018,"RT @thegoodfight: #TheGoodFight returns in 1 week. Season 2 premieres Sunday, March 4. https://t.co/nomCao1GWp https://t.co/BOn6bOe9Tb",0.0,0.0,1.0,0.0,63
163,CBS,Fri Feb 23 18:15:40 +0000 2018,RT @thegoodfight: This is our new favorite thing. Christine Baranski debuted #TheGoodFight the Musical on @colbertlateshow last night! üéµüé§‚Ä¶,0.5093,0.155,0.845,0.0,64
164,CBS,Thu Feb 22 19:26:52 +0000 2018,"RT @LivinBiblically: Confession time: have YOU ever hit the ""close door"" button in an elevator while somebody was approaching? The cast of‚Ä¶",0.0,0.0,1.0,0.0,65
165,CBS,Wed Feb 21 19:20:04 +0000 2018,RT @CBSEyeSpeak: Mark your calendars! #CBSEyeSpeak kicks off March 14 with The EYE Speak Summit. Follow our page for more details! https://‚Ä¶,0.0,0.0,1.0,0.0,66
166,CBS,Wed Feb 21 18:19:25 +0000 2018,"RT @CBSEyeSpeak: Proud to announce a new CBS initiative, promoting female empowerment and developing the next generation of leaders through‚Ä¶",0.6808,0.248,0.752,0.0,67
167,CBS,Tue Feb 20 19:55:19 +0000 2018,"RT @LivinBiblically: When you're living by the Bible, it's good to have a priest and a rabbi on call (provided they answer their phones, th‚Ä¶",0.4404,0.116,0.884,0.0,68
168,CBS,Tue Feb 20 17:58:18 +0000 2018,"RT @thegoodfight: Chicago lawyers are being hunted and the world is going insane. 

The new season of #TheGoodFight premieres Sunday, March‚Ä¶",-0.4019,0.0,0.881,0.119,69
169,CBS,Tue Feb 20 17:39:51 +0000 2018,Ready for some larger than life competition? This new series from @MarkBurnettTV will premiere in summer 2018.‚Ä¶ https://t.co/gDXHLdIJ5v,0.3612,0.128,0.872,0.0,70
170,CBS,Sat Feb 17 01:07:20 +0000 2018,"With tournament dreams on the line, make sure to stream these college basketball matchups on CBS All Access:‚Ä¶ https://t.co/SGkYUZrQWB",0.6124,0.227,0.773,0.0,71
171,CBS,Fri Feb 16 18:42:43 +0000 2018,"RT @LivinBiblically: While Chip's sticking to the Bible's original rules, the cast of #LivingBiblically has given them a more modern makeov‚Ä¶",0.3182,0.108,0.892,0.0,72
172,CBS,Fri Feb 16 17:48:20 +0000 2018,"Casting News! Peter Mark Kendall, Michael Gaston, Greg Wise, Rade ≈†erbed≈æija, Zack Pearlman, and Keye Chen join the‚Ä¶ https://t.co/GFob2KrD8H",0.68,0.248,0.752,0.0,73
173,CBS,Wed Feb 14 19:23:27 +0000 2018,RT @BullCBS: The verdict is in...#Bull is the perfect Valentine! ‚ù§Ô∏è Happy #ValentinesDay! https://t.co/poEejI4AnC,0.8619,0.466,0.534,0.0,74
174,CBS,Tue Feb 13 20:03:56 +0000 2018,"RT @NoActivityCBS: Car 27 reporting: Season 2 of #NoActivity coming soon!

Binge season one now on CBS All Access: https://t.co/yvxoQMeyhN‚Ä¶",0.0,0.0,1.0,0.0,75
175,CBS,Tue Feb 13 18:54:52 +0000 2018,"RT @LivinBiblically: Against all odds (and the advice of his God Squad), Chip is determined to live life by the Good Book. Think you could‚Ä¶",0.7506,0.252,0.748,0.0,76
176,CBS,Mon Feb 12 18:49:45 +0000 2018,RT @thegoodfight: Christine Baranski reflects upon the spectacular metamorphosis of her character in #TheGoodFight's first season. Revisit‚Ä¶,0.0,0.0,1.0,0.0,77
177,CBS,Mon Feb 12 01:32:33 +0000 2018,RT @startrekcbs: Binge the entire first season of #StarTrekDiscovery. All 15 episodes now streaming on CBS All Access: https://t.co/lKLaptP‚Ä¶,0.0,0.0,1.0,0.0,78
178,CBS,Fri Feb 09 00:50:01 +0000 2018,RT @SuperiorDonuts: Looking for a #Valentine? Tush is here to help you land your dream date just in time for the day of love! #SuperiorDonu‚Ä¶,0.8478,0.304,0.696,0.0,79
179,CBS,Thu Feb 08 16:09:35 +0000 2018,RT @CBSBigBrother: The pressure is on as the Houseguests battle each other for victory in the first HOH competition. Stream the season prem‚Ä¶,-0.5859,0.0,0.814,0.186,80
180,CBS,Wed Feb 07 18:35:19 +0000 2018,"RT @startrekcbs: Sunday, this season's epic journey reaches its final reckoning. Catch up before the season finale: https://t.co/4Ea5wpmAep‚Ä¶",0.0516,0.066,0.934,0.0,81
181,CBS,Wed Feb 07 16:17:48 +0000 2018,"Are you a sucker for jaw-dropping talent competitions? Announcing The World's Best, a first-of-its-kind new global‚Ä¶ https://t.co/fagCMklm2Z",0.5574,0.312,0.536,0.152,82
182,CBS,Tue Feb 06 22:21:39 +0000 2018,"RT @BullCBS: Tonight, one of these 3 TAC employees will end up incarcerated. Who do you think it will be? Tune into a new episode of #Bull‚Ä¶",0.0,0.0,1.0,0.0,83
183,CBS,Tue Feb 06 17:05:49 +0000 2018,"RT @thegoodfight: There's no season like lawyer season. #TheGoodFight returns March 4, exclusively on CBS All Access. https://t.co/XAlrg1nB‚Ä¶",0.0772,0.121,0.773,0.106,84
184,CBS,Sun Feb 04 15:35:36 +0000 2018,"RT @thegoodfight: The acclaimed series returns in 1 month. #TheGoodFight is back Sunday, March 4. https://t.co/5BNLTYRd8p https://t.co/yInP‚Ä¶",0.0,0.0,1.0,0.0,85
185,CBS,Sun Feb 04 12:00:01 +0000 2018,".@KeshaRose's emotional performance with @CyndiLauper, @AndraDayMusic, @BebeRexha and @Camila_Cabello brought the a‚Ä¶ https://t.co/qpgS2e9ir0",0.1531,0.118,0.882,0.0,86
186,CBS,Sat Feb 03 23:11:43 +0000 2018,Broadway legend Patti LuPone paid tribute to Sir Andrew Lloyd Webber with a show-stopping rendition of the iconic s‚Ä¶ https://t.co/GxqLtUzhFP,0.0,0.0,1.0,0.0,87
187,CBS,Sat Feb 03 12:00:07 +0000 2018,"Relive an entire night's worth of big wins, live performances and many more inspiring moments from The 60th Annual‚Ä¶ https://t.co/CH7mJ4Y3QT",0.8268,0.338,0.662,0.0,88
188,CBS,Fri Feb 02 22:36:13 +0000 2018,RT @swatcbs: ‚ú®@TheTalkCBS' @TheRealEve and @ShemarMoore brought some serious heat to the GRAMMYs red carpet: https://t.co/WYTITKkLQd https:‚Ä¶,-0.0772,0.0,0.925,0.075,89
189,CBS,Fri Feb 02 20:07:40 +0000 2018,"The all-star collaboration between @Rihanna, @DJKhaled and @brysontiller brought the party to the #GRAMMYs with a s‚Ä¶ https://t.co/jTv5QbtgUp",0.4019,0.144,0.856,0.0,90
190,CBS,Fri Feb 02 19:03:33 +0000 2018,RT @TheTalkCBS: All the #redcarpet looks from the 60th annual #GRAMMYs! Did you catch @TheRealEve's sparkly two-piece suit? Diamond accents‚Ä¶,0.4003,0.124,0.876,0.0,91
191,CBS,Fri Feb 02 17:23:18 +0000 2018,Go backstage with the celebs and see which stars celebrated the big night together! Here are the moments you missed‚Ä¶ https://t.co/rgQTXRQyLg,0.6114,0.166,0.834,0.0,92
192,CBS,Thu Feb 01 22:04:41 +0000 2018,üé∂ @DearEvanHansen star Ben Platt gave a soaring performance of a classic Broadway hit. Watch him perform 'Somewhere‚Ä¶ https://t.co/HcuizFWo02,0.0,0.0,1.0,0.0,93
193,CBS,Thu Feb 01 20:09:49 +0000 2018,"üé∏ @LittleBigTown, @U2, @BrunoMars and @Pink are just a few of the superstar performers that lit up the stage at The‚Ä¶ https://t.co/2v0MNYMItG",0.0,0.0,1.0,0.0,94
194,CBS,Wed Jan 31 21:42:15 +0000 2018,"Don't miss country stars Emmylou Harris and @ChrisStapleton perform a moving rendition of @TomPetty's classic song,‚Ä¶ https://t.co/GxoIW97XIu",0.1139,0.088,0.912,0.0,95
195,CBS,Wed Jan 31 17:05:47 +0000 2018,RT @survivorcbs: Get excited! üôå It‚Äôs finally time to meet the castaways of #Survivor: Ghost Island ‚ò† https://t.co/xQQ8ROhKbM https://t.co/P‚Ä¶,0.1007,0.135,0.75,0.115,96
196,CBS,Wed Jan 31 16:37:17 +0000 2018,"Country stars @EricChurch, @BrothersOsborne and @MarenMorris performed a touching tribute dedicated to the victims‚Ä¶ https://t.co/YCIq9i70fd",0.4588,0.188,0.812,0.0,97
197,CBS,Wed Jan 31 06:55:30 +0000 2018,Missed the Man vs. Beast #SuperBowlCommercials showdown? Catch up now to find out which entertaining ad was named t‚Ä¶ https://t.co/SlyO0n7yMX,0.1779,0.126,0.779,0.095,98
198,CBS,Wed Jan 31 02:15:16 +0000 2018,"RT @rikimae: Ok, that one makes me cry #superbowlcommercials",-0.2263,0.179,0.569,0.252,99
199,CBS,Wed Jan 31 01:58:40 +0000 2018,"If this doesn‚Äôt make you cry, nothing will. #SuperBowlCommercials https://t.co/UjFf3xr4so",-0.4767,0.0,0.744,0.256,100
200,CNN,Wed Mar 21 22:52:39 +0000 2018,"A Fox News analyst's stunning note to colleagues saying he felt Fox News had become a ""propaganda machine"" for Pres‚Ä¶ https://t.co/82bNQifUTt",0.1531,0.12,0.787,0.093,1
201,CNN,Wed Mar 21 22:43:01 +0000 2018,"RT @TheLeadCNN: .@jaketapper: When it comes to Russia's behavior towards the US and in the world, is a leak in the White House really the m‚Ä¶",-0.34,0.0,0.909,0.091,2
202,CNN,Wed Mar 21 22:41:04 +0000 2018,"Peruvian President Pedro Pablo Kuczynski, ensnared in a corruption scandal involving Latin America's largest constr‚Ä¶ https://t.co/2E1T12w5Z9",-0.4404,0.0,0.828,0.172,3
203,CNN,Wed Mar 21 22:38:42 +0000 2018,"RT @CNNSitRoom: ""There is a saying that has been repeated again and again in this town: 'the cover-up is worse than the crime.' And in this‚Ä¶",-0.6486,0.0,0.813,0.187,4
204,CNN,Wed Mar 21 22:38:14 +0000 2018,"A test driver was behind the wheel of a self-driving Uber vehicle when it struck and killed a woman in Tempe, Arizo‚Ä¶ https://t.co/fQpOQCXFQ2",-0.7579,0.0,0.735,0.265,5
205,CNN,Wed Mar 21 22:30:05 +0000 2018,Facebook CEO Mark Zuckerberg will face questions in an exclusive TV interview with @LaurieSegallCNN that will air o‚Ä¶ https://t.co/0ycB6DNOZg,0.128,0.077,0.923,0.0,6
206,CNN,Wed Mar 21 22:29:42 +0000 2018,The 35 most startling lines from President Trump's speech at a big Republican fundraiser | Analysis by @CillizzaCNN‚Ä¶ https://t.co/KLErj3Nv6k,0.1513,0.091,0.909,0.0,7
207,CNN,Wed Mar 21 22:23:05 +0000 2018,"Sen. Ed Markey comments on Mark Zuckerberg's Facebook post about Cambridge Analytica: ""You need to come to Congress‚Ä¶ https://t.co/JiB3gFnBwq",0.0,0.0,1.0,0.0,8
208,CNN,Wed Mar 21 22:18:04 +0000 2018,"US Interior Department Secretary Ryan Zinke brought along a security detail for a Mediterranean vacation, recently‚Ä¶ https://t.co/gQh6jc2RTu",0.34,0.146,0.854,0.0,9
209,CNN,Wed Mar 21 22:13:02 +0000 2018,The devices used in the Austin and San Antonio-area explosions were pipe bombs with batteries and smokeless powder‚Ä¶ https://t.co/cWKmFmTT1Q,0.0,0.0,1.0,0.0,10
210,CNN,Wed Mar 21 22:08:05 +0000 2018,"RT @CNNSitRoom: ""I do believe that we can get Russia's help where our interests align... but you've got to go in clear-eyed. You've got to‚Ä¶",0.3291,0.127,0.873,0.0,11
211,CNN,Wed Mar 21 22:08:01 +0000 2018,"President Trump defended his decision to congratulate Russian President Vladimir Putin on his reelection, despite t‚Ä¶ https://t.co/QygXsJTaTU",0.4939,0.167,0.833,0.0,12
212,CNN,Wed Mar 21 22:07:38 +0000 2018,Special counsel Robert Mueller's team has so far discussed with President Trump's lawyers four main topics they wan‚Ä¶ https://t.co/GKSIsWQeuN,0.4019,0.13,0.87,0.0,13
213,CNN,Wed Mar 21 22:03:06 +0000 2018,Main Street and Wall Street are bracing as the United States prepares to levy more tariffs on China‚Ä¶ https://t.co/Pfpv1uXM9n,0.4215,0.135,0.865,0.0,14
214,CNN,Wed Mar 21 21:57:07 +0000 2018,"I ditched Facebook in 2013, and it's been fine | By Douglas Rushkoff via @CNNOpinion https://t.co/yFw3nr0bwo https://t.co/0X4mJlxJcu",0.2023,0.114,0.886,0.0,15
215,CNN,Wed Mar 21 21:54:31 +0000 2018,"RT @CNNSitRoom: Republican Sen. Jeff Flake: President Trump ""has criticized a lot of people... and Russia never seems to get that same crit‚Ä¶",-0.3612,0.0,0.894,0.106,16
216,CNN,Wed Mar 21 21:47:28 +0000 2018,A Facebook user in Maryland has filed a lawsuit against the social network and Cambridge Analytica for improperly g‚Ä¶ https://t.co/Fzm2839Lbv,-0.2263,0.0,0.899,0.101,17
217,CNN,Wed Mar 21 21:43:17 +0000 2018,Sen. Tammy Baldwin plans to introduce a bill on Thursday that would prohibit companies from repurchasing their shar‚Ä¶ https://t.co/xxOjsySVbH,0.0,0.0,1.0,0.0,18
218,CNN,Wed Mar 21 21:30:03 +0000 2018,"If you weren't already worried about Russia, you should be now | By Sharon Burke via @CNNOpinion‚Ä¶ https://t.co/eL8QMEyYMG",0.2235,0.106,0.894,0.0,19
219,CNN,Wed Mar 21 21:17:55 +0000 2018,President Trump is prepared to sit out the Mississippi special election (for now) https://t.co/yh2w8XQuh2,0.5574,0.277,0.723,0.0,20
220,CNN,Wed Mar 21 21:11:26 +0000 2018,"Barack and Michelle Obama penned a letter to the students of Parkland, Florida, telling them that their efforts in‚Ä¶ https://t.co/fezYpmmwVf",0.0,0.0,1.0,0.0,21
221,CNN,Wed Mar 21 21:05:40 +0000 2018,RT @TheLeadCNN: CNN's @brianstelter on Facebook's latest data scandal: Sometimes it feels like the company still thinks it is a dorm room b‚Ä¶,-0.1027,0.098,0.787,0.114,22
222,CNN,Wed Mar 21 20:55:47 +0000 2018,We keep learning new things about what Trump allies did to get him elected | Analysis by CNN's Z. Byron Wolf‚Ä¶ https://t.co/KNrP2LpI66,0.0,0.0,1.0,0.0,23
223,CNN,Wed Mar 21 20:45:08 +0000 2018,Facebook CEO Mark Zuckerberg will face questions in an exclusive TV interview with @LaurieSegallCNN that will air o‚Ä¶ https://t.co/TaxjPFz6dU,0.128,0.077,0.923,0.0,24
224,CNN,Wed Mar 21 20:39:23 +0000 2018,"A costume department employee who worked on the now-canceled Fox series ""The Grinder"" has accused actor Fred Savage‚Ä¶ https://t.co/vmZrOSyZ4w",-0.296,0.0,0.885,0.115,25
225,CNN,Wed Mar 21 20:30:38 +0000 2018,Facebook CEO Mark Zuckerberg breaks his silence on the Cambridge Analytica scandal https://t.co/iCFXDQqqIY https://t.co/GZ0cF11GEK,-0.4404,0.0,0.818,0.182,26
226,CNN,Wed Mar 21 20:22:34 +0000 2018,"New documents show the EPA spent more than $30,000 on security detail for Administrator Scott Pruitt's overseas tri‚Ä¶ https://t.co/ftjJ1sVNx9",0.34,0.118,0.882,0.0,27
227,CNN,Wed Mar 21 20:14:54 +0000 2018,"The European Union, South Korea, Australia, Argentina and Brazil may be exempted from the Trump administration's ta‚Ä¶ https://t.co/UbigJ8lKDO",0.0,0.0,1.0,0.0,28
228,CNN,Wed Mar 21 19:50:08 +0000 2018,Attorney General Jeff Sessions sent federal prosecutors a reminder that they have the power to seek America's most‚Ä¶ https://t.co/6c4FWZBWoV,0.0,0.0,1.0,0.0,29
229,CNN,Wed Mar 21 19:48:13 +0000 2018,BREAKING: Facebook founder Mark Zuckerberg finally addresses the user data scandal in a post. He will face question‚Ä¶ https://t.co/GFzpwOCiji,-0.4404,0.0,0.854,0.146,30
230,CNN,Wed Mar 21 19:40:10 +0000 2018,"South Sudan has gone 15 consecutive months without a single reported case of Guinea worm, a major victory for the c‚Ä¶ https://t.co/dH8ZF0MKBE",0.0,0.0,1.0,0.0,31
231,CNN,Wed Mar 21 19:30:13 +0000 2018,Starbucks is launching a $10 million grant challenge to solicit designs for a cup that's easier to recycle‚Ä¶ https://t.co/05c1FyNOm4,0.6808,0.32,0.68,0.0,32
232,CNN,Wed Mar 21 19:20:48 +0000 2018,This robotic fish is designed to swim near real aquatic creatures and spy on them without raising suspicions or dis‚Ä¶ https://t.co/d56g7uyTix,0.2755,0.095,0.905,0.0,33
233,CNN,Wed Mar 21 19:10:07 +0000 2018,The US and Europe have seen more than a few outbreaks of mumps in the past couple of years. This resurgence may be‚Ä¶ https://t.co/NsEeUGIUsh,0.0,0.0,1.0,0.0,34
234,CNN,Wed Mar 21 19:00:08 +0000 2018,"Ralph Peters said he's leaving Fox News, and the military analyst's blistering critique of the network as a pro-Tru‚Ä¶ https://t.co/TNiuztkKL0",0.0,0.0,1.0,0.0,35
235,CNN,Wed Mar 21 18:50:03 +0000 2018,"America's top military officer, Gen. Joseph Dunford, spoke again with his Russian counterpart Gen. Valery Gerasimov‚Ä¶ https://t.co/dUfMiswNVQ",0.2023,0.101,0.899,0.0,36
236,CNN,Wed Mar 21 18:45:06 +0000 2018,"Two lives were cut short when explosive packages arrived on their doorsteps in Austin, Texas. https://t.co/SdI91o2DRD",-0.2732,0.0,0.877,0.123,37
237,CNN,Wed Mar 21 18:40:10 +0000 2018,A Republican candidate for Kentucky secretary of state has apologized after suggesting he'd like to use Democratic‚Ä¶ https://t.co/QHlllJlt2l,0.5859,0.242,0.758,0.0,38
238,CNN,Wed Mar 21 18:30:03 +0000 2018,The fatal accident involving a pedestrian and an Uber self-driving car brings new attention to the technology but e‚Ä¶ https://t.co/bak4LPJOQf,-0.5106,0.0,0.798,0.202,39
239,CNN,Wed Mar 21 18:20:08 +0000 2018,"Starbucks has reached gender and race pay equity among all US employees who perform similar tasks, the company says‚Ä¶ https://t.co/2q2686IJ8A",0.0,0.067,0.865,0.067,40
240,CNN,Wed Mar 21 18:10:08 +0000 2018,More than a million health care workers in the UK are getting their first real raise since 2010‚Ä¶ https://t.co/f2e91kOWvr,0.4939,0.158,0.842,0.0,41
241,CNN,Wed Mar 21 18:08:46 +0000 2018,JUST IN: Interest rates are going up. The Federal Reserve has raised its benchmark interest rate by a quarter of a‚Ä¶ https://t.co/s34BPZKhcC,0.7184,0.24,0.76,0.0,42
242,CNN,Wed Mar 21 18:00:04 +0000 2018,"Former Vice President Joe Biden said he would take President Trump ""behind the gym"" and ""beat the hell out of him""‚Ä¶ https://t.co/1lHBmmFd7y",-0.6808,0.0,0.82,0.18,43
243,CNN,Wed Mar 21 17:51:06 +0000 2018,The 35 most startling lines from President Trump's speech at a big Republican fundraiser | Analysis by @CillizzaCNN‚Ä¶ https://t.co/0bLBHTz6kR,0.1513,0.091,0.909,0.0,44
244,CNN,Wed Mar 21 17:44:24 +0000 2018,Two companies that provided hundreds of millions of dollars in loans to Jared Kushner's family's business are dispu‚Ä¶ https://t.co/ZZE7rdR6Lb,0.0,0.0,1.0,0.0,45
245,CNN,Wed Mar 21 17:30:36 +0000 2018,Congress plans to unveil a massive bipartisan $1.3 trillion spending package that will keep the government funded u‚Ä¶ https://t.co/Ev2rqaHsy0,0.0,0.0,1.0,0.0,46
246,CNN,Wed Mar 21 17:20:10 +0000 2018,"Scrunchies are making a comeback, thanks to one of the most influential women in Washington: Ruth Bader Ginsburg‚Ä¶ https://t.co/OsIwsrHgTJ",0.7264,0.276,0.724,0.0,47
247,CNN,Wed Mar 21 17:10:08 +0000 2018,"""If the current forecast pans out, this nor'easter will dump more snow on Washington, Philadelphia and New York tha‚Ä¶ https://t.co/hStIdNrY8Y",-0.3818,0.0,0.88,0.12,48
248,CNN,Wed Mar 21 17:00:24 +0000 2018,"Police used store receipts and ""suspicious"" Google searches to identify the Austin bombing suspect‚Ä¶ https://t.co/IqB0dAKgwD",0.0,0.0,1.0,0.0,49
249,CNN,Wed Mar 21 16:50:08 +0000 2018,"President Trump was fuming Tuesday night, asking outside advisers who they thought had leaked information about the‚Ä¶ https://t.co/1zFl9CC2y6",-0.7184,0.0,0.727,0.273,50
250,CNN,Wed Mar 21 16:40:09 +0000 2018,"""Black Panther"" is the the most-tweeted about movie of all time, according to Twitter https://t.co/njvZADptYI https://t.co/CZebOXGoxu",0.0,0.0,1.0,0.0,51
251,CNN,Wed Mar 21 16:30:12 +0000 2018,President Trump doesn't care what anyone thinks about his puzzling relationship with Vladimir Putin -- that include‚Ä¶ https://t.co/ct0d75hZKI,-0.3875,0.0,0.866,0.134,52
252,CNN,Wed Mar 21 16:20:04 +0000 2018,"Longtime Fox News military analyst blasts the network as a ""propaganda machine"" while announcing his departure‚Ä¶ https://t.co/PRrvgwcx72",-0.25,0.0,0.882,0.118,53
253,CNN,Wed Mar 21 16:10:08 +0000 2018,"Republican Sen. Jeff Flake, an outspoken critic of President Trump, warns of impeachment if the President fires spe‚Ä¶ https://t.co/Ij39TEZzDc",-0.3612,0.0,0.829,0.171,54
254,CNN,Wed Mar 21 16:00:20 +0000 2018,"Facebook stock drops again, but some analysts think Wall Street is overreacting.

The company has lost 10% of its m‚Ä¶ https://t.co/mitvooZ4lO",-0.4497,0.0,0.871,0.129,55
255,CNN,Wed Mar 21 15:50:08 +0000 2018,The pressure on President Trump is reaching crushing proportions | Analysis by @CillizzaCNN https://t.co/Aw4sgcfnGT https://t.co/lgH2ctM8Zi,-0.4404,0.103,0.629,0.269,56
256,CNN,Wed Mar 21 15:40:05 +0000 2018,"This little girl got bored at her sister‚Äôs soccer game, so she started digging. She found a 65 million-year-old fos‚Ä¶ https://t.co/lNPlu7v0ay",-0.2111,0.0,0.912,0.088,57
257,CNN,Wed Mar 21 15:31:42 +0000 2018,"For more than 130 days, this machine has breathed for 16-year-old Zei Uwdia. But that hasn't stopped her from takin‚Ä¶ https://t.co/l8y1dBcpai",0.1695,0.077,0.923,0.0,58
258,CNN,Wed Mar 21 15:20:11 +0000 2018,#MarchMadness picks back up tomorrow night. @ErinBurnett and @VictorBlackwell are tied for 1st in the #CNNBrackets‚Ä¶ https://t.co/bx0wR0o0n5,0.0,0.0,1.0,0.0,59
259,CNN,Wed Mar 21 15:10:04 +0000 2018,Opposition lawmakers set off tear gas canisters in the Kosovan Parliament assembly chamber on Wednesday in an attem‚Ä¶ https://t.co/a3VQhBKuZU,0.0,0.0,1.0,0.0,60
260,CNN,Wed Mar 21 15:00:04 +0000 2018,The ashes of world famous physicist Steven Hawking will be interred in London's Westminster Abbey near the graves o‚Ä¶ https://t.co/rlYOZBCwsE,-0.296,0.0,0.896,0.104,61
261,CNN,Wed Mar 21 14:50:49 +0000 2018,The documents reportedly show that Pruitt traveled on government business dozens of time on first-class and domesti‚Ä¶ https://t.co/EnLBO6b8ND,0.0,0.0,1.0,0.0,62
262,CNN,Wed Mar 21 14:50:12 +0000 2018,"The EPA has handed documents to Congress that show new travel expenses from agency administrator Scott Pruitt, tota‚Ä¶ https://t.co/qLv7Jfv8Lg",0.0,0.0,1.0,0.0,63
263,CNN,Wed Mar 21 14:40:04 +0000 2018,El Salvador may be the first country to have a community of 3D-printed homes https://t.co/8PIMshiIp1 https://t.co/4cFPig3wcq,0.0,0.0,1.0,0.0,64
264,CNN,Wed Mar 21 14:30:37 +0000 2018,"Sen. Marco Rubio slams White House leaks: ""If you don't like the guy, quit"" https://t.co/6yMRO1snIS https://t.co/chXWHObrSs",-0.2755,0.0,0.877,0.123,65
265,CNN,Wed Mar 21 14:20:05 +0000 2018,Here's what will happen if President Trump fires special counsel Robert Mueller https://t.co/NF2JfI3uNd https://t.co/lhWS5UNotp,0.4019,0.172,0.828,0.0,66
266,CNN,Wed Mar 21 14:11:08 +0000 2018,Meet the 79-year-old man who lives alone on an Italian island https://t.co/8mJw0tDb97 https://t.co/PJCXJ90cyX,-0.25,0.0,0.857,0.143,67
267,CNN,Wed Mar 21 14:03:13 +0000 2018,"RT @CNNweather: The fourth nor'easter in three weeks is dumping snow on the Northeast. Over 70 million people fall in its path, and some pl‚Ä¶",-0.3182,0.0,0.913,0.087,68
268,CNN,Wed Mar 21 14:01:32 +0000 2018,The law is still three steps behind Facebook | via @CNNopinion https://t.co/Qprxo9YdY8 https://t.co/FWbO9TUHh5,0.0,0.0,1.0,0.0,69
269,CNN,Wed Mar 21 13:51:40 +0000 2018,"JUST IN: Mark Anthony Conditt has been identified as the suspect in the¬†Austin bombings, according to a source with‚Ä¶ https://t.co/DcA2b3ajOk",-0.296,0.0,0.896,0.104,70
270,CNN,Wed Mar 21 13:40:11 +0000 2018,"Police used store receipts and ""suspicious"" Google searches to identify the Austin bombing suspect‚Ä¶ https://t.co/wcpDMwZqZB",0.0,0.0,1.0,0.0,71
271,CNN,Wed Mar 21 13:30:09 +0000 2018,The real problem for President Trump in the 'DO NOT CONGRATULATE' story | Analysis by @CillizzaCNN‚Ä¶ https://t.co/1TnlmGYItF,0.3034,0.191,0.679,0.131,72
272,CNN,Wed Mar 21 13:20:07 +0000 2018,"President Trump was fuming Tuesday night, asking outside advisers who they thought had leaked information about the‚Ä¶ https://t.co/3QgPoEhakg",-0.7184,0.0,0.727,0.273,73
273,CNN,Wed Mar 21 13:10:07 +0000 2018,President Trump keeps up his aggressive attacks on special counsel Robert Mueller with a series of typo-ridden twee‚Ä¶ https://t.co/VSPIaTjrB2,-0.2023,0.122,0.676,0.203,74
274,CNN,Wed Mar 21 13:00:34 +0000 2018,"More than 70 million people are bracing for a nor'easter set to bring record-setting snow to the northeast

‚ñ† More‚Ä¶ https://t.co/466n463tyj",0.0,0.0,1.0,0.0,75
275,CNN,Wed Mar 21 12:50:07 +0000 2018,White House chief of staff John Kelly is furious about the quick leak of a warning to President Trump to not congra‚Ä¶ https://t.co/ov2yGlGb3H,-0.8176,0.0,0.691,0.309,76
276,CNN,Wed Mar 21 12:40:08 +0000 2018,The man behind the Austin bombings blew himself up as police closed in earlier this morning. Authorities say more b‚Ä¶ https://t.co/3GfFLPzbu9,0.0,0.0,1.0,0.0,77
277,CNN,Wed Mar 21 12:35:34 +0000 2018,"""Black Panther"" is the the most-tweeted about movie of all time, according to Twitter https://t.co/N1NdNWXe7E https://t.co/Zo4VrU3q4y",0.0,0.0,1.0,0.0,78
278,CNN,Wed Mar 21 12:15:38 +0000 2018,President Trump doesn't care what anyone thinks about his puzzling relationship with Vladimir Putin -- that include‚Ä¶ https://t.co/a7CXcj0lRi,-0.3875,0.0,0.866,0.134,79
279,CNN,Wed Mar 21 12:03:56 +0000 2018,"RT @NewDay: Rep. Jim Himes on the Cambridge Analytica/Facebook data scandal: ""I think there's a real lesson here for the American people in‚Ä¶",-0.4404,0.0,0.879,0.121,80
280,CNN,Wed Mar 21 11:52:09 +0000 2018,"Longtime Fox News military analyst blasts the network as a ""propaganda machine"" while announcing his departure‚Ä¶ https://t.co/geFzf41gmV",-0.25,0.0,0.882,0.118,81
281,CNN,Wed Mar 21 11:41:46 +0000 2018,"What we know about the Austin bombing suspect:

‚ñ† 24-year-old white man

‚ñ† Police obtained surveillance images of h‚Ä¶ https://t.co/piyowhVnFt",-0.296,0.0,0.885,0.115,82
282,CNN,Wed Mar 21 11:30:59 +0000 2018,"5 things for Wednesday:

- Austin bomber
- Trump and Putin
- Facebook and Cambridge Analytica
- School shootings
-‚Ä¶ https://t.co/4BCmee0F6i",0.0,0.0,1.0,0.0,83
283,CNN,Wed Mar 21 11:19:45 +0000 2018,"""DO NOT CONGRATULATE"" tells you everything you need to know about President Trump's psyche | Analysis by‚Ä¶ https://t.co/6vZWcp2fmA",0.6037,0.197,0.803,0.0,84
284,CNN,Wed Mar 21 11:07:46 +0000 2018,"Republican Sen. Jeff Flake, an outspoken critic of President Trump, warns of impeachment if the President fires spe‚Ä¶ https://t.co/JLbLBtxPAK",-0.3612,0.0,0.829,0.171,85
285,CNN,Wed Mar 21 11:03:08 +0000 2018,"RT @NewDay: Austin Mayor Steve Adler responds to bombing suspect being killed: ""We're still asking people in our community to be vigilant .‚Ä¶",-0.7184,0.06,0.704,0.236,86
286,CNN,Wed Mar 21 10:46:28 +0000 2018,"More than 70 million people are bracing for a nor'easter set to bring record-setting snow to the northeast

‚ñ† More‚Ä¶ https://t.co/KZWPY1Euf1",0.0,0.0,1.0,0.0,87
287,CNN,Wed Mar 21 10:28:22 +0000 2018,"Austin bombing latest:
- 24-year-old white male suspect dead after detonating a bomb in his vehicle
- One police of‚Ä¶ https://t.co/yjitCtXVbx",-0.8658,0.0,0.607,0.393,88
288,CNN,Wed Mar 21 10:16:20 +0000 2018,"Police say Austin bombing suspect was a 24-year-old white male, and they believe he was responsible for all the bom‚Ä¶ https://t.co/r80XRcbdfe",0.0258,0.102,0.8,0.098,89
289,CNN,Wed Mar 21 10:07:59 +0000 2018,Austin Police Dept. confirms bombing suspect has died after detonating an explosive device inside his vehicle as au‚Ä¶ https://t.co/X0r0JeTQKa,-0.7003,0.0,0.746,0.254,90
290,CNN,Wed Mar 21 10:04:11 +0000 2018,"South Korean President Moon Jae-in has teased the possibility of a three-way meeting between the United States, Nor‚Ä¶ https://t.co/9sgR4qYPVP",0.1531,0.133,0.762,0.105,91
291,CNN,Wed Mar 21 09:53:11 +0000 2018,"BREAKING: The suspect in the Austin explosions has died, multiple CNN affiliates in Austin report, citing law enfor‚Ä¶ https://t.co/ohgHdkY46e",-0.7003,0.0,0.746,0.254,92
292,CNN,Wed Mar 21 09:52:06 +0000 2018,"Myanmar's President Htin Kyaw, one of the most loyal allies of the country's de facto leader Aung San Suu Kyi, is r‚Ä¶ https://t.co/b5PPEhIl5A",0.5256,0.134,0.866,0.0,93
293,CNN,Wed Mar 21 09:45:51 +0000 2018,The latest weapon against pollution? Skincare. https://t.co/fnwvA2yR8E https://t.co/OrBhi7dbHC,-0.296,0.0,0.761,0.239,94
294,CNN,Wed Mar 21 09:38:55 +0000 2018,Cambridge Analytica's newly-suspended CEO said in undercover recording that the data firm ran Trump's digital strat‚Ä¶ https://t.co/H1YadkmmYe,0.0,0.0,1.0,0.0,95
295,CNN,Wed Mar 21 09:36:19 +0000 2018,WhatsApp cofounder Brian Acton has a message for Facebook users: Delete Facebook. https://t.co/wLXjoTaVM9,0.0,0.0,1.0,0.0,96
296,CNN,Wed Mar 21 09:30:03 +0000 2018,"""Black Panther"" is the the most-tweeted about movie of all time, Twitter says https://t.co/jQN1gHVX02 https://t.co/kq21zF1Ijz",0.0,0.0,1.0,0.0,97
297,CNN,Wed Mar 21 09:23:57 +0000 2018,Conservation groups sue to overturn the Trump administration's trophy hunting decision https://t.co/ttQZ5ATr1Z https://t.co/xnkpwAaCiI,0.0,0.0,1.0,0.0,98
298,CNN,Wed Mar 21 09:17:22 +0000 2018,JUST IN: A group of schoolgirls kidnapped last month in Nigeria by terror group Boko Haram has been released. It is‚Ä¶ https://t.co/Rn70hvKDmZ,-0.5267,0.0,0.855,0.145,99
299,CNN,Wed Mar 21 09:08:40 +0000 2018,United Airlines says it is suspending a program that transports pets in cargo holds https://t.co/m8Dx2a8oqW https://t.co/DNgKypViM3,0.4215,0.167,0.833,0.0,100
300,FOX,Wed Mar 21 22:35:50 +0000 2018,"I have so many subtweets about people misbehaving in subtle ways at conferences I could probably write a book by now. 

Last day to go!",-0.4574,0.0,0.875,0.125,1
301,FOX,Wed Mar 21 01:30:04 +0000 2018,"RT @fox: üö®üëãüèª Hi everyone! I‚Äôm searching for new opportunities. 

I‚Äôm looking for multidisciplinary product, front-end and leadership roles.‚Ä¶",0.4389,0.138,0.862,0.0,2
302,FOX,Tue Mar 20 23:43:13 +0000 2018,@RedRoxProjects Thank you! üå∫,0.4199,0.583,0.417,0.0,3
303,FOX,Tue Mar 20 23:21:08 +0000 2018,@agisilaosts thank you! üå∫,0.4199,0.583,0.417,0.0,4
304,FOX,Tue Mar 20 22:30:20 +0000 2018,"We‚Äôre live streaming @jsconfau talks all day today and tomorrow. Starting in 30 minutes!

https://t.co/ttIzoV4Cjz",0.0,0.0,1.0,0.0,5
305,FOX,Tue Mar 20 19:54:47 +0000 2018,RT @frameshiftllc: New angle for change in VC: founders refusing to take funding from all-male all-white firms https://t.co/AMi8UJbTGO,-0.4019,0.0,0.863,0.137,6
306,FOX,Tue Mar 20 19:54:21 +0000 2018,@sentience @benschwarz @glenmaddern @xzyfer @jordanlewiz I like how everyone is wearing black or tan pants.,0.3612,0.161,0.839,0.0,7
307,FOX,Tue Mar 20 18:46:00 +0000 2018,"@kriesse @benschwarz ‚ù§Ô∏è‚ù§Ô∏è‚ù§Ô∏è

I‚Äôll have a celebration of lying face down in a few days.",-0.5267,0.0,0.779,0.221,8
308,FOX,Tue Mar 20 05:15:04 +0000 2018,@butwhoiskat thank you!,0.4199,0.583,0.417,0.0,9
309,FOX,Mon Mar 19 23:38:23 +0000 2018,"Here it goes. Last 8 months of constant work will happen within the next 3 days.

https://t.co/c48sQqdnXv",0.0,0.0,1.0,0.0,10
310,FOX,Mon Mar 19 22:55:26 +0000 2018,"RT @cssconfau: Guess what?

Even if you aren‚Äôt here, you can watch all the talks LIVE! üò±

Tune into the live stream here. #cssconfau18 

ht‚Ä¶",0.0,0.0,1.0,0.0,11
311,FOX,Mon Mar 19 10:25:22 +0000 2018,"@amyngyn hahaha. I actually never been, but I‚Äôve heard the bar is great. :)",0.9178,0.544,0.456,0.0,12
312,FOX,Mon Mar 19 06:54:56 +0000 2018,@amyngyn Loui Bar?,0.0,0.0,1.0,0.0,13
313,FOX,Mon Mar 19 00:57:53 +0000 2018,RT @LJKenward: Hey friends! üëã Who's hiring Junior Devs at the moment? I have some awesome people from the @juniordev_io Community currently‚Ä¶,0.8172,0.294,0.706,0.0,14
314,FOX,Mon Mar 19 00:08:00 +0000 2018,Don‚Äôt forget about the Community Social today! EVERYONE IS WELCOME (even if you don‚Äôt hold a CSSConf or JSConf tick‚Ä¶ https://t.co/6c79TcKFCi,0.481,0.168,0.752,0.079,15
315,FOX,Sun Mar 18 23:11:31 +0000 2018,Toxic tech industry creates a fake vision of what each of us (especially minorities) have to be and achieve to be ‚Äù‚Ä¶ https://t.co/yfXZ5nxCJ7,0.0,0.156,0.725,0.118,16
316,FOX,Sun Mar 18 21:53:04 +0000 2018,"@amyngyn I never introduce myself. The focus is on content, not myself. Also I don‚Äôt feel like I need to justify my cred. :)",0.6705,0.224,0.776,0.0,17
317,FOX,Sun Mar 18 03:17:02 +0000 2018,Today I got kissed by a dingo. üíÅüèª‚Äç‚ôÄÔ∏è https://t.co/FDQsVw2anl,0.3818,0.302,0.698,0.0,18
318,FOX,Sat Mar 17 21:10:23 +0000 2018,"@Sareh88 Thank you, Sareh! That‚Äôs very kind. ‚ù§Ô∏è",0.7569,0.519,0.481,0.0,19
319,FOX,Sat Mar 17 08:20:32 +0000 2018,@meelijane https://t.co/Y5wM3nCdsH in Northcote. I‚Äôve tested many and this one is orders of magnitude better than everywhere else. :),0.7096,0.258,0.742,0.0,20
320,FOX,Sat Mar 17 07:02:55 +0000 2018,One of many reasons why I love my yoga studio so much is how meditative the practice is and how all the instructors‚Ä¶ https://t.co/VXfSqdo6bk,0.765,0.239,0.761,0.0,21
321,FOX,Sat Mar 17 06:59:15 +0000 2018,"@IvanaMcConnell I can only help ruin your bank account further, sorry. üòÇ",-0.34,0.182,0.473,0.345,22
322,FOX,Sat Mar 17 06:58:49 +0000 2018,"RT @slamup: people love to say

     no child is born 
     with hate in their heart

which is all very
romantic

but from the moment
a bla‚Ä¶",0.1646,0.156,0.711,0.134,23
323,FOX,Sat Mar 17 04:44:27 +0000 2018,"@evanderkoogh Nope, we are at full capacity of the venue. :)",0.4588,0.231,0.769,0.0,24
324,FOX,Sat Mar 17 04:43:03 +0000 2018,"RT @cssconfau: Come and celebrate with us at pre CSSConf and JSConf AU community social!

üìÖ Monday, March 19, 6pm onwards
üìçStomping Ground‚Ä¶",0.6114,0.16,0.84,0.0,25
325,FOX,Sat Mar 17 03:16:57 +0000 2018,"@noahmp Heh, dang :) worth asking nonetheless.",0.5106,0.467,0.381,0.152,26
326,FOX,Sat Mar 17 03:10:32 +0000 2018,@noahmp üëãüèª is this a SF-based role?,0.0,0.0,1.0,0.0,27
327,FOX,Fri Mar 16 23:36:37 +0000 2018,RT @mbrockenbrough: Here's a point worth making every so often. The patriarchy isn't men. It's a system that prefers them. Wanting to disma‚Ä¶,0.2263,0.087,0.913,0.0,28
328,FOX,Fri Mar 16 23:36:24 +0000 2018,@madalynrose Thank you so much ‚ò∫Ô∏è looking forward to meeting you! üå∫,0.4199,0.218,0.782,0.0,29
329,FOX,Fri Mar 16 23:27:46 +0000 2018,"@andymcmillan Thanks, Andy! You are an inspiration for me too! üíô",0.7835,0.463,0.537,0.0,30
330,FOX,Fri Mar 16 23:27:14 +0000 2018,@evanderkoogh Hey Erwin! Thanks so much. We can chat during the events. :),0.7345,0.36,0.64,0.0,31
331,FOX,Fri Mar 16 23:11:30 +0000 2018,I don‚Äôt know what or who I‚Äôm most disappointed with to allow community work put my career in the background (again)‚Ä¶ https://t.co/khOCa8rLHV,-0.3597,0.078,0.782,0.14,32
332,FOX,Fri Mar 16 23:09:07 +0000 2018,This time was supposed to be split between the conference and product work that would set me up for looking for a j‚Ä¶ https://t.co/mOoFPPnV5w,0.0,0.0,1.0,0.0,33
333,FOX,Fri Mar 16 23:07:25 +0000 2018,"Over the last 6+ months, I‚Äôve sacrificed all the time I had to run CSSConf and JSConf AU. I‚Äôve set the highest stan‚Ä¶ https://t.co/QRvns2lJs8",0.0,0.0,1.0,0.0,34
334,FOX,Fri Mar 16 23:00:59 +0000 2018,"RT @katebevan: LAYDEEZ!!!! Worried that VPNs are too hard for your fluffy ladybrain??? Never fear, a fuckwitted BroCo called @keepsafe is h‚Ä¶",-0.818,0.0,0.679,0.321,35
335,FOX,Fri Mar 16 22:40:18 +0000 2018,@sarah_edo thank you! üò≥,0.4199,0.583,0.417,0.0,36
336,FOX,Fri Mar 16 20:34:54 +0000 2018,I can‚Äôt wait to come back to lovey Portland and see what wonderful thing @andymcmillan and @waxpancake are preparin‚Ä¶ https://t.co/3rfz3ShOEU,0.5719,0.171,0.829,0.0,37
337,FOX,Fri Mar 16 04:01:44 +0000 2018,@jennwrites thank you! I miss you too üò≠‚ù§Ô∏è,0.2942,0.297,0.532,0.17,38
338,FOX,Fri Mar 16 01:52:07 +0000 2018,"To the young woman wearing a ‚Äúthe future is female‚Äù tee:

The
Future
Is
Intersectional",0.0,0.0,1.0,0.0,39
339,FOX,Fri Mar 16 01:33:25 +0000 2018,"Cannot agree with this more. I constantly get asked for free diversity, inclusion, community or general workplace a‚Ä¶ https://t.co/M9hOz6A980",0.7003,0.266,0.734,0.0,40
340,FOX,Fri Mar 16 00:36:14 +0000 2018,"@pat @coryannj @kckal Oh, I have not seen it. Will register. üëçüèª",0.0,0.0,1.0,0.0,41
341,FOX,Thu Mar 15 23:44:49 +0000 2018,Four days to go. https://t.co/RYxiCmMEFp,0.0,0.0,1.0,0.0,42
342,FOX,Thu Mar 15 22:04:46 +0000 2018,"Ellen already had a lasting impact on diversity and inclusion spanning beyond the tech industry. 

I can‚Äôt wait to‚Ä¶ https://t.co/1QFSP6DHyQ",0.0,0.0,1.0,0.0,43
343,FOX,Thu Mar 15 22:03:16 +0000 2018,@jordwalsh üëãüèª interesting! Would you be able to email me more details? hi at https://t.co/vah0lKcYeo. üì¨,0.4574,0.176,0.824,0.0,44
344,FOX,Thu Mar 15 21:51:34 +0000 2018,My last two weeks were spent in email. Conference organiser life. https://t.co/h5hlszzyjv,0.0,0.0,1.0,0.0,45
345,FOX,Thu Mar 15 02:58:59 +0000 2018,This video with Jeff Goldblum is everything. https://t.co/vo5HSwuOUP,0.0,0.0,1.0,0.0,46
346,FOX,Thu Mar 15 00:17:24 +0000 2018,"Accepting talk proposals for conferences on a rolling basis: no no no no.

First come first serve doesn‚Äôt work for inclusion.",-0.6369,0.098,0.568,0.333,47
347,FOX,Thu Mar 15 00:05:26 +0000 2018,"If you are in Melbourne on Monday, March 19, we‚Äôre opening @cssconfau, @jsconfau and @decompressau with a Community‚Ä¶ https://t.co/OyPVisZXYn",0.0,0.0,1.0,0.0,48
348,FOX,Wed Mar 14 22:35:40 +0000 2018,Australia is racist as hell. https://t.co/EIRFzejhsi,-0.8625,0.0,0.317,0.683,49
349,FOX,Wed Mar 14 22:08:53 +0000 2018,"RT @sarahmei: üì¢ PSA: when you're building a diverse team, you're looking for culture _add_, not culture _fit_. Hire people who bring a pers‚Ä¶",0.0,0.0,1.0,0.0,50
350,FOX,Wed Mar 14 21:32:48 +0000 2018,RT @piamancini: ok I need help. I really really want to hire a kickass developer who also happens to be a woman (backend pref.) What are th‚Ä¶,0.6976,0.253,0.747,0.0,51
351,FOX,Wed Mar 14 21:32:37 +0000 2018,"@piamancini Hey Pia! Thanks for reaching out üëãüèª Unfortunately, software engineering isn‚Äôt my background; I‚Äôm a FE d‚Ä¶ https://t.co/1IEwNKyc9q",0.3802,0.223,0.67,0.107,52
352,FOX,Wed Mar 14 09:43:21 +0000 2018,"RT @EricaJoy: üì¢ PSA: There are no ""diverse"" applicants
People aren't diverse, teams are
You're not hiring a diverse person, you're building‚Ä¶",-0.296,0.0,0.896,0.104,53
353,FOX,Wed Mar 14 00:14:03 +0000 2018,"RT @SashaLaundy: What I keep telling myself this week: 
üëâüèª In work, a new thing I don't know how to do means progress. 
üëâüèª In the gym, a ha‚Ä¶",0.4215,0.104,0.896,0.0,54
354,FOX,Tue Mar 13 21:56:19 +0000 2018,"No underrepresented groups want to thrive and partake in exclusionary platform StackOverflow is.

Tweet your hot ta‚Ä¶ https://t.co/xfKjCfUtwJ",-0.2263,0.067,0.821,0.113,55
355,FOX,Tue Mar 13 21:53:43 +0000 2018,@erikalleigh I just block them. üòé,-0.4404,0.0,0.508,0.492,56
356,FOX,Tue Mar 13 21:47:56 +0000 2018,"@jaffathecake Jake, I really admire your ability to try to have a serious conversation with inclusion deniers and mansplainers. üòÇ",0.5509,0.266,0.581,0.152,57
357,FOX,Tue Mar 13 21:40:02 +0000 2018,@modernserf and thongs! I cannot grasp the diversity,0.0,0.0,1.0,0.0,58
358,FOX,Tue Mar 13 21:38:42 +0000 2018,"@heydonworks Ohhh, this tweet so gold",0.0,0.0,1.0,0.0,59
359,FOX,Tue Mar 13 11:32:51 +0000 2018,RT @vaurorapub: For women in tech who need a break from talking about women in tech sometimes: here are some of the ways I get out of doing‚Ä¶,0.0,0.0,1.0,0.0,60
360,FOX,Tue Mar 13 08:57:37 +0000 2018,Do I know anyone working at @zapier?,0.0,0.0,1.0,0.0,61
361,FOX,Tue Mar 13 08:39:15 +0000 2018,"Thank heavens for my career hotline with a few great women in tech.

Sadly, we all share the same thoughts about th‚Ä¶ https://t.co/KTzemdT7OG",0.8271,0.367,0.543,0.089,62
362,FOX,Tue Mar 13 07:56:31 +0000 2018,I must say I‚Äôm pretty speechless. https://t.co/s4lvmWyE23,0.4939,0.39,0.61,0.0,63
363,FOX,Tue Mar 13 05:51:06 +0000 2018,"The tech industry, saving humanity from disease, poverty and injustice. https://t.co/wkmxj8c4Wy",-0.7906,0.0,0.562,0.438,64
364,FOX,Tue Mar 13 05:31:56 +0000 2018,I‚Äôm running a 4-day conference next week aka I have been listening to bird sounds on @noisli for the last eight hours.,0.0,0.0,1.0,0.0,65
365,FOX,Tue Mar 13 05:27:16 +0000 2018,"PREACH @adblanche! 

White women have a lot of homework to do. 

https://t.co/PWeBC6MsXG",0.0,0.0,1.0,0.0,66
366,FOX,Tue Mar 13 04:05:17 +0000 2018,"@brianleroux Brian, we both know that best talent lives in SF and NYC. there is no tech outside of those two regions.",0.7003,0.248,0.674,0.078,67
367,FOX,Tue Mar 13 02:01:01 +0000 2018,@coryannj I love how the tech industry is cocky enough to believe they‚Äôre the solution to all humanity problems,0.5106,0.263,0.567,0.17,68
368,FOX,Tue Mar 13 01:55:02 +0000 2018,"‚ÄùWilling to relocate to San Francisco‚Äù. 

We can‚Äôt have inclusive technology if jobs are constrained to cities whic‚Ä¶ https://t.co/NCFLDermIF",-0.1027,0.0,0.928,0.072,69
369,FOX,Tue Mar 13 00:14:42 +0000 2018,üëãüèª¬†I have a bit of availability for diversity and inclusion consulting during April and May. I can help run inclusi‚Ä¶ https://t.co/t4sbNrXUDV,0.4019,0.13,0.87,0.0,70
370,FOX,Mon Mar 12 08:45:39 +0000 2018,RT @pangopup: 'Why sexism over how women look harms their leadership chances' https://t.co/v1YyNfpz3Z,-0.34,0.113,0.688,0.2,71
371,FOX,Mon Mar 12 06:59:39 +0000 2018,"RT @WBJenna: Have you heard about the @PineappleMedia Fellowship for Underrepresented Voices in Podcasting?

-A full-time, producer-in-resi‚Ä¶",0.0,0.0,1.0,0.0,72
372,FOX,Mon Mar 12 05:17:18 +0000 2018,@coryannj Have you read Lean Out? Pretty much sums up most of my concerns with the approach. So flawed. I have a co‚Ä¶ https://t.co/fpihGPPNkb,0.4939,0.132,0.868,0.0,73
373,FOX,Mon Mar 12 05:01:46 +0000 2018,"To be honest, all I want is a @sailorhg clothing line. https://t.co/iobZVLnosX",0.5574,0.365,0.635,0.0,74
374,FOX,Sun Mar 11 23:45:08 +0000 2018,"RT @incantatricks: Society expects women to be everything and want nothing.

We have to be masters at self-improvement, conversation, emoti‚Ä¶",0.0772,0.064,0.936,0.0,75
375,FOX,Sun Mar 11 23:10:30 +0000 2018,"RT @ChloeCondon: Hey ladies, come work in tech. We have no bathroom lines üöΩüíÅüèº‚Äç‚ôÄÔ∏è https://t.co/01stO97NKd",-0.296,0.0,0.864,0.136,76
376,FOX,Sun Mar 11 06:15:00 +0000 2018,"Friends: excited for the long weekend!
Me: https://t.co/vPjwIGbbM4",0.6996,0.491,0.509,0.0,77
377,FOX,Sat Mar 10 08:34:51 +0000 2018,RT @lrnrd: THIS THREAD üçøüî•üôèüèªüëèüíØ https://t.co/vhfH4ETTC0,0.0,0.0,1.0,0.0,78
378,FOX,Sat Mar 10 06:41:48 +0000 2018,"RT @ChloeCondon: Booth recruiter üßî: ...and we really value diversity!

Me üëßüèº: Do you have any women's sized shirts?

üßî: Unfortunately no, t‚Ä¶",-0.2957,0.098,0.725,0.177,79
379,FOX,Fri Mar 09 06:19:04 +0000 2018,Amazing hosts for upcoming @CSSconfeu üíñ¬†https://t.co/pmtGtflroP,0.5859,0.432,0.568,0.0,80
380,FOX,Fri Mar 09 06:01:38 +0000 2018,Still wondering what companies that have less than 10% women (let alone POC) across the entire organisation (not on‚Ä¶ https://t.co/yIyuV9WkMS,-0.25,0.0,0.905,0.095,81
381,FOX,Fri Mar 09 02:43:33 +0000 2018,"Women‚Äôs Day isn‚Äôt an arbitrary date. 

It should be an ongoing celebration, empowerment and inclusion of all women‚Ä¶ https://t.co/5EJ63WQXL6",0.0,0.0,1.0,0.0,82
382,FOX,Fri Mar 09 02:39:36 +0000 2018,"RT @butwhoiskat: I‚Äôll be speaking (for the first time) next Thursday, at WDYK, on the ethics of design.

Wanna come support me?

https://t.‚Ä¶",0.4019,0.109,0.891,0.0,83
383,FOX,Fri Mar 09 02:25:31 +0000 2018,"@Double_Days Hey! Unfortunately, that‚Äôs not me :)",-0.6336,0.0,0.492,0.508,84
384,FOX,Fri Mar 09 01:16:08 +0000 2018,RT @void_daddy_: the future isnt female. the future is nonbinary it's genderfluid it's queer and it's trans it's natives rising up against‚Ä¶,0.0,0.0,1.0,0.0,85
385,FOX,Fri Mar 09 01:15:52 +0000 2018,"RT @soniagupta504: I'm starting to really understand the importance of psychological safety on developer teams. 

With it, you have a team‚Ä¶",0.6771,0.236,0.764,0.0,86
386,FOX,Fri Mar 09 00:59:44 +0000 2018,"RT @vboykis: Somewhere in the multiverse, this HN exists. https://t.co/bdk0sZeucF",0.0,0.0,1.0,0.0,87
387,FOX,Fri Mar 09 00:06:04 +0000 2018,"@ohhoe blocked because the truth was too stingy, the follow up james damore story",-0.34,0.128,0.611,0.261,88
388,FOX,Fri Mar 09 00:05:05 +0000 2018,RT @triketora: such a useful resource for founders to be able to find the anti-harassment policies and points of contact for the vc firms t‚Ä¶,0.4404,0.112,0.888,0.0,89
389,FOX,Thu Mar 08 23:42:03 +0000 2018,Hi friends! I‚Äôm looking for new opportunities to put my multidisciplinary skills to good use within a diverse organ‚Ä¶ https://t.co/Chl7QaEgSe,0.8356,0.357,0.643,0.0,90
390,FOX,Thu Mar 08 23:08:31 +0000 2018,@ANZ_AU You can email me at hi@thefox.is.,0.0,0.0,1.0,0.0,91
391,FOX,Thu Mar 08 22:20:51 +0000 2018,"@Mandy_Kerr Back at you, Mandy! You‚Äôre amazing! ‚ú®",0.658,0.422,0.578,0.0,92
392,FOX,Thu Mar 08 22:20:32 +0000 2018,@happycrappie thank you!,0.4199,0.583,0.417,0.0,93
393,FOX,Thu Mar 08 21:27:38 +0000 2018,"RT @shailjapatel: Read women.
Cite women.
Credit women.

Teach women.
Publish women.
Present women.

Acknowledge women.
Award women.
Amplif‚Ä¶",0.7269,0.264,0.736,0.0,94
394,FOX,Thu Mar 08 21:26:51 +0000 2018,"RT @EricaJoy: Men! Celebrate #InternationalWomensDay by taking direct action:
üåü Tell the women you work with how much you get paid.
üåü If yo‚Ä¶",0.6114,0.16,0.84,0.0,95
395,FOX,Thu Mar 08 08:57:37 +0000 2018,Another release of @jsconfeu tickets is happening in a few minutes and you don‚Äôt want to miss out. https://t.co/MX1CYi6kiK,-0.0772,0.069,0.847,0.085,96
396,FOX,Thu Mar 08 08:32:47 +0000 2018,"Everything about this‚Äî‚Äùthe absence of no is not consent.‚Äù

https://t.co/58usW9cFxH",-0.296,0.0,0.804,0.196,97
397,FOX,Thu Mar 08 07:42:40 +0000 2018,"Don‚Äôt try to shame me for your lack of professionalism and overconfident behaviour. 

Tl:dr; don‚Äôt work for @ANZ_AU.",-0.6597,0.0,0.748,0.252,98
398,FOX,Thu Mar 08 07:39:19 +0000 2018,"I told her how offensive and exclusionary those things were. Her reply:

‚ÄùI'm disappointed with your interpretation‚Ä¶ https://t.co/diQiVBdLF0",-0.7269,0.0,0.711,0.289,99
399,FOX,Thu Mar 08 07:23:41 +0000 2018,I got emailed by someone at @ANZ_AU who not only insinuated that I‚Äôm after ‚Äùfancy titles‚Äù after I said I want to dr‚Ä¶ https://t.co/kpCyQY3i1z,0.0772,0.061,0.939,0.0,100
400,nytimes,Wed Mar 21 22:47:03 +0000 2018,Evening Briefing: Here's what you need to know at the end of the day https://t.co/rUGH6VPkvm,0.0,0.0,1.0,0.0,1
401,nytimes,Wed Mar 21 22:32:05 +0000 2018,A federal appeals court upheld a jury‚Äôs finding that Robin Thicke‚Äôs song ‚ÄúBlurred Lines‚Äù infringed on the copyright‚Ä¶ https://t.co/HHDSIQ8Qbv,0.0,0.0,1.0,0.0,2
402,nytimes,Wed Mar 21 22:17:01 +0000 2018,RT @ScottCacciola: The secret behind J.J. Redick‚Äôs success? His obsession with routines: https://t.co/6AopFOcQr0,0.3182,0.216,0.643,0.14,3
403,nytimes,Wed Mar 21 22:00:20 +0000 2018,"At your fingertips: The many sides of David Bowie. 

He was a musician, actor, painter, fashion pioneer ‚Äî and never‚Ä¶ https://t.co/StRJPeCgY0",0.0,0.0,1.0,0.0,4
404,nytimes,Wed Mar 21 21:45:06 +0000 2018,"In her soliloquy to her dead son, a mother reminded him of his sister, killed last year. ‚ÄúWhen we lost Musqa, you c‚Ä¶ https://t.co/JC7FAasAwC",-0.9022,0.0,0.643,0.357,5
405,nytimes,Wed Mar 21 21:30:16 +0000 2018,"Undocumented students helped shape the musical work ‚ÄúDreamer,‚Äù sharing their hopes and fears with the composer https://t.co/EDG3wNkVDs",0.4215,0.25,0.625,0.125,6
406,nytimes,Wed Mar 21 21:15:12 +0000 2018,"The 2 victims of the Austin bombings ‚Äî Anthony Stephan House, 39, and Draylen Mason, 17 ‚Äî were members of families‚Ä¶ https://t.co/dxL9pGywhe",-0.3182,0.0,0.887,0.113,7
407,nytimes,Wed Mar 21 21:15:06 +0000 2018,"In Opinion,
Op-Ed contributor Ilham Ahmed writes, ""Despite scarcity, we do not want bullets, we do not want food, a‚Ä¶ https://t.co/zgr0odkIbZ",-0.1139,0.0,0.886,0.114,8
408,nytimes,Wed Mar 21 21:00:18 +0000 2018,"Sharing is caring. It's also become a trend at fancy restaurants, and not everyone is thrilled. https://t.co/Wzwu2sClBv",0.5565,0.28,0.607,0.112,9
409,nytimes,Wed Mar 21 20:45:10 +0000 2018,"After more than 10 years of denials, Israel admitted to bombing a reactor in Syria that could have produced nuclear‚Ä¶ https://t.co/jigu2ZSazi",0.1027,0.069,0.931,0.0,10
410,nytimes,Wed Mar 21 20:30:21 +0000 2018,"Many counties, including rich ones, are aging and experiencing more deaths than births, without growth through immi‚Ä¶ https://t.co/P17xW5uJGZ",0.3434,0.165,0.734,0.1,11
411,nytimes,Wed Mar 21 20:23:05 +0000 2018,"Is there actually a trove of Civil War gold lost in a Pennsylvania forest? No one knows for sure, but last week the‚Ä¶ https://t.co/0f1bwJ1rLG",-0.4678,0.065,0.71,0.225,12
412,nytimes,Wed Mar 21 20:16:28 +0000 2018,Breaking News: Mark Zuckerberg broke his silence on the Cambridge Analytica scandal. He acknowledged mistakes by Fa‚Ä¶ https://t.co/clQfD3xrD8,-0.802,0.0,0.647,0.353,13
413,nytimes,Wed Mar 21 20:15:09 +0000 2018,There was no way around the buzz-kill query: Had Steven Spielberg set out to prove that he hadn‚Äôt lost his touch? https://t.co/TYKYZIp9B0,-0.5423,0.0,0.816,0.184,14
414,nytimes,Wed Mar 21 20:07:06 +0000 2018,"Stephen Hawking's ashes will be interred at Westminster Abbey, near a few legendary scientists like Darwin and Newt‚Ä¶ https://t.co/htlhNQCMm0",0.3612,0.128,0.872,0.0,15
415,nytimes,Wed Mar 21 20:00:15 +0000 2018,"Chicago, which has won 3 Stanley Cups since 2010, will miss the NHL playoffs for the first time in a decade https://t.co/NTIDL0WoK4",0.4767,0.159,0.773,0.069,16
416,nytimes,Wed Mar 21 19:56:12 +0000 2018,Peru‚Äôs president offered to resign after the release of videos appearing to show votes being exchanged for money an‚Ä¶ https://t.co/RpuOEz9w0G,-0.34,0.0,0.888,0.112,17
417,nytimes,Wed Mar 21 19:45:04 +0000 2018,There are substantial coverage gaps in traditional Medicare. One of them is care for your teeth. https://t.co/pVDzM959D9,0.6124,0.25,0.75,0.0,18
418,nytimes,Wed Mar 21 19:35:08 +0000 2018,Blue-state attorneys general have filed more than two dozen environmental lawsuits against the Trump administration‚Ä¶ https://t.co/mHKhlOSTGk,-0.1531,0.0,0.904,0.096,19
419,nytimes,Wed Mar 21 19:30:13 +0000 2018,"A police report said that ‚Äúofficers believed the suspect was pointing a firearm at them,‚Äù but only a cellphone was‚Ä¶ https://t.co/6ad8VHca54",-0.1531,0.0,0.914,0.086,20
420,nytimes,Wed Mar 21 19:19:54 +0000 2018,The suspect wrote a blog about his conservative political views in 2012. He expressed his support of the death pena‚Ä¶ https://t.co/eksFytE6QC,-0.5267,0.105,0.659,0.236,21
421,nytimes,Wed Mar 21 19:15:08 +0000 2018,"As expected, the Fed raised its benchmark interest rate as it continues to step back from its post-crisis stimulus‚Ä¶ https://t.co/kvf4Oc7wqr",0.4588,0.136,0.864,0.0,22
422,nytimes,Wed Mar 21 19:06:10 +0000 2018,The police spent hours inside the home of the suspect's parents. A detective with the Austin police said the family‚Ä¶ https://t.co/HUGzcB3ayz,0.0,0.0,1.0,0.0,23
423,nytimes,Wed Mar 21 19:00:27 +0000 2018,The French president says he wants to erase the railway workers‚Äô special status. But when railway workers go on str‚Ä¶ https://t.co/a33nWHwN0n,0.4019,0.119,0.881,0.0,24
424,nytimes,Wed Mar 21 18:53:07 +0000 2018,"The Austin bombing suspect was a quiet, ‚Äúnerdy‚Äù young man who came from a ‚Äútight-knit, godly family,‚Äù said Donna Se‚Ä¶ https://t.co/TF48OhCaDU",-0.296,0.0,0.891,0.109,25
425,nytimes,Wed Mar 21 18:45:10 +0000 2018,Stressed-out cryptocurrency traders are trying to determine how ‚Äî and whether ‚Äî to pay taxes https://t.co/Gxwl8ITnkH,-0.1027,0.0,0.903,0.097,26
426,nytimes,Wed Mar 21 18:33:23 +0000 2018,RT @NYTFashion: Bill Cunningham left us one final gift: a memoir. https://t.co/nAuMosP5wc,0.4404,0.225,0.775,0.0,27
427,nytimes,Wed Mar 21 18:30:13 +0000 2018,"In Opinion,
Op-Ed contributor Atef Abu Saif writes, ""When so many basic things are so fundamentally beyond your con‚Ä¶ https://t.co/y8vMFceOSF",0.0,0.0,1.0,0.0,28
428,nytimes,Wed Mar 21 18:22:04 +0000 2018,The House and Senate have until midnight Friday to pass the spending bill to avoid what would be the third governme‚Ä¶ https://t.co/9ytLieV7AV,-0.296,0.0,0.905,0.095,29
429,nytimes,Wed Mar 21 18:15:04 +0000 2018,Snow day? Here‚Äôs what to spend today binge-watching. https://t.co/OfToVczxjr,0.0,0.0,1.0,0.0,30
430,nytimes,Wed Mar 21 18:10:13 +0000 2018,"Breaking News: The Fed raised rates for the 6th time since 2015, signaling confidence in the economy. It was the fi‚Ä¶ https://t.co/PbGazDOZch",0.5106,0.136,0.864,0.0,31
431,nytimes,Wed Mar 21 18:00:22 +0000 2018,The chief American envoy to the Iran nuclear talks is trying to salvage the deal that President Trump wants to scrap https://t.co/GVQNWguZpl,0.0,0.0,1.0,0.0,32
432,nytimes,Wed Mar 21 17:45:03 +0000 2018,Hunker down and warm up https://t.co/PAzfnmixtp,0.2263,0.275,0.725,0.0,33
433,nytimes,Wed Mar 21 17:30:18 +0000 2018,"Our technology reporter in Mumbai, explains how cheap mobile data is changing India and why WhatsApp is indispensab‚Ä¶ https://t.co/zowM8YJ8wd",0.0,0.0,1.0,0.0,34
434,nytimes,Wed Mar 21 17:27:16 +0000 2018,"RT @sangerkatz: This analogy blew me away: When it comes to income effects, going to the hospital is roughly equivalent to working for a pl‚Ä¶",0.0,0.0,1.0,0.0,35
435,nytimes,Wed Mar 21 17:18:46 +0000 2018,RT @MichaelPaulson: Bruce Springsteen extends -- for a third time -- on Broadway. His solo show will now run until December. https://t.co/m‚Ä¶,0.128,0.07,0.93,0.0,36
436,nytimes,Wed Mar 21 17:15:10 +0000 2018,"In her late 20s, Lillias Campbell Davidson started riding bicycles in the early 1880s and quickly became an expert.‚Ä¶ https://t.co/7jFA3QfzQ7",0.0,0.0,1.0,0.0,37
437,nytimes,Wed Mar 21 17:00:21 +0000 2018,Mark Zuckerberg has stayed out of the public eye as Facebook fell into crisis mode. That could change today. https://t.co/uzdAnVWxm2,-0.6249,0.0,0.823,0.177,38
438,nytimes,Wed Mar 21 16:54:30 +0000 2018,"RT @NYTimesPR: Law &amp; Crime published a story that is false. @nytimes did not change anything based on an outside request. In fact, more det‚Ä¶",-0.5423,0.0,0.868,0.132,39
439,nytimes,Wed Mar 21 16:50:09 +0000 2018,"In Opinion, 
Op-Ed columnist @FrankBruni writes: ""There‚Äôs no category of person exempt from Donald Trump‚Äôs attacks‚Ä¶ https://t.co/OK8RJJS5WN",-0.2023,0.075,0.806,0.118,40
440,nytimes,Wed Mar 21 16:40:59 +0000 2018,"If the forecast holds, this could be the biggest spring snowstorm in New York City history https://t.co/z7jwfvRaZ7",0.0,0.0,1.0,0.0,41
441,nytimes,Wed Mar 21 16:40:08 +0000 2018,"Put Ziggy Stardust in your living room, and zoom around his glammest looks https://t.co/sHQtBDynQz https://t.co/mq7vRyWbLz",0.0,0.0,1.0,0.0,42
442,nytimes,Wed Mar 21 16:30:10 +0000 2018,"Beyond medical costs, a trip to the hospital can mean a permanent reduction in income for many Americans https://t.co/YZg2kKS7tA",0.0,0.0,1.0,0.0,43
443,nytimes,Wed Mar 21 16:23:29 +0000 2018,"What we know and don‚Äôt know about the Austin bombing suspect, Mark Conditt https://t.co/mAPB9rlLIk",-0.296,0.0,0.855,0.145,44
444,nytimes,Wed Mar 21 16:15:06 +0000 2018,"‚ÄúI did everything I could to warn law enforcement about what could happen"" https://t.co/AzTl7svJo8",-0.1027,0.0,0.896,0.104,45
445,nytimes,Wed Mar 21 16:00:16 +0000 2018,"Run-DMC's ""Raising Hell"" and ""Rumours"" by Fleetwood Mac were among the 25 new additions to the National Recording R‚Ä¶ https://t.co/WAI8C07vDD",-0.6808,0.0,0.805,0.195,46
446,nytimes,Wed Mar 21 15:45:14 +0000 2018,Elections officials are set to explain to Congress how they are trying to protect ballots from being hacked in upco‚Ä¶ https://t.co/W00xMu76rC,-0.0258,0.107,0.782,0.111,47
447,nytimes,Wed Mar 21 15:30:04 +0000 2018,A nondisclosure agreement raised serious legal questions and reflected Trump‚Äôs refusal to submit to the norms of pu‚Ä¶ https://t.co/bLJjqL68U0,0.5267,0.224,0.714,0.062,48
448,nytimes,Wed Mar 21 15:15:08 +0000 2018,"Facebook is building a real community, the kind you can walk around. It is a project with many precedents in Americ‚Ä¶ https://t.co/TSlSS5xwsi",0.5267,0.152,0.848,0.0,49
449,nytimes,Wed Mar 21 15:00:19 +0000 2018,"The actress, the governor and performance politics https://t.co/yVov4D5R4z",0.0,0.0,1.0,0.0,50
450,nytimes,Wed Mar 21 14:45:06 +0000 2018,"""We're taking action for common-sense gun control, better background checks, and safer communities ‚Äî while protecti‚Ä¶ https://t.co/J4eYIsLecP",0.5106,0.27,0.616,0.114,51
451,nytimes,Wed Mar 21 14:30:05 +0000 2018,A former C.I.A. chief speculated that the Russians ‚Äúmay have something on‚Äù President Trump after Trump again critic‚Ä¶ https://t.co/Or7a45KJTU,0.0,0.0,1.0,0.0,52
452,nytimes,Wed Mar 21 14:14:05 +0000 2018,"A former CIA chief speculated that the Russians ""may have something on"" President Trump after Trump again criticize‚Ä¶ https://t.co/NlxOMmlxrs",0.0,0.0,1.0,0.0,53
453,nytimes,Wed Mar 21 14:03:01 +0000 2018,"David Bowie, in 3 dimensions https://t.co/sDsTML83gG",0.0,0.0,1.0,0.0,54
454,nytimes,Wed Mar 21 13:59:08 +0000 2018,"A suicide bomber killed at least 26 people among a crowd in Kabul celebrating the Persian New Year on Wednesday, of‚Ä¶ https://t.co/idpQXe5wqN",-0.743,0.125,0.572,0.303,55
455,nytimes,Wed Mar 21 13:45:09 +0000 2018,"In Opinion

Op-Ed columnist @DouthatNYT writes: The business model of our news channels both assumes and heightens‚Ä¶ https://t.co/y1wVLoM76v",0.0,0.0,1.0,0.0,56
456,nytimes,Wed Mar 21 13:31:06 +0000 2018,"""There were several leads that led us to this person,"" including surveillance video, the Austin police chief said https://t.co/hherF2aVLr",0.0,0.0,1.0,0.0,57
457,nytimes,Wed Mar 21 13:21:06 +0000 2018,Morning¬†Briefing: Here's what you need to know to start your day https://t.co/uX6qYZ3MMA https://t.co/2kNrEDhACM,0.0,0.0,1.0,0.0,58
458,nytimes,Wed Mar 21 13:11:11 +0000 2018,New York City could see up to 18 inches of snow today. Follow our updates to help you through both commutes. https://t.co/0ieSNDWsPE,0.4019,0.114,0.886,0.0,59
459,nytimes,Wed Mar 21 13:00:19 +0000 2018,"""Saudi Arabia is a very wealthy nation, and they're going to give the United States some of that wealth hopefully,‚Ä¶ https://t.co/dCKS0ZswOM",0.8313,0.341,0.659,0.0,60
460,nytimes,Wed Mar 21 12:44:04 +0000 2018,Jimmy Kimmel criticizes the Trump administration for its high turnover. Our late-night roundup: https://t.co/qy8EcxilF8,-0.34,0.0,0.844,0.156,61
461,nytimes,Wed Mar 21 12:31:06 +0000 2018,"""I think he's afraid of the president of Russia,"" a former CIA director said about President Trump https://t.co/dXZUm5pGYe",0.0,0.0,1.0,0.0,62
462,nytimes,Wed Mar 21 12:21:07 +0000 2018,"Ben Carson offered a rambling, at times contradictory, explanation of the purchase of a $31,000 dining set https://t.co/UnsINY1Qvn",-0.34,0.0,0.862,0.138,63
463,nytimes,Wed Mar 21 12:15:05 +0000 2018,"Your daily @DealBook Briefing: 

‚Ä¢ Pete Peterson, the billionaire financier and philanthropist, has died.

‚Ä¢ Does F‚Ä¶ https://t.co/rzM8bfyVT5",-0.5574,0.0,0.806,0.194,64
464,nytimes,Wed Mar 21 12:05:02 +0000 2018,What we know about the Austin bombings https://t.co/umkMrCKcCO,0.0,0.0,1.0,0.0,65
465,nytimes,Wed Mar 21 11:55:58 +0000 2018,"At your fingertips: The many sides of David Bowie. 

He was a musician, actor, painter, fashion pioneer ‚Äî and never‚Ä¶ https://t.co/RqDBrp5A3y",0.0,0.0,1.0,0.0,66
466,nytimes,Wed Mar 21 11:54:03 +0000 2018,"At your fingertips: The many sides of David Bowie. He was a musician, actor, painter, fashion pioneer and never wha‚Ä¶ https://t.co/LZi78sbBcq",0.0,0.0,1.0,0.0,67
467,nytimes,Wed Mar 21 11:45:03 +0000 2018,"Stephanie Clifford, better known as Stormy Daniels, and Karen McDougal, a former Playboy model, tell similar storie‚Ä¶ https://t.co/yYokGxDn4m",0.4404,0.153,0.847,0.0,68
468,nytimes,Wed Mar 21 11:30:03 +0000 2018,"Republican lawmakers, even those who have resisted criticizing President Trump, faulted him for congratulating Vlad‚Ä¶ https://t.co/8EmkZI3iYe",-0.5994,0.0,0.741,0.259,69
469,nytimes,Wed Mar 21 11:18:47 +0000 2018,"Officials cautioned that the bomber could have planted other explosives that have not yet detonated. ""We still need‚Ä¶ https://t.co/8YABNVhtLp",0.0,0.0,1.0,0.0,70
470,nytimes,Wed Mar 21 11:15:06 +0000 2018,"The suspect was a 24-year-old white man, the Austin police chief said. ""We do not understand what motivated him to‚Ä¶ https://t.co/aJdusL7GyP",-0.569,0.0,0.794,0.206,71
471,nytimes,Wed Mar 21 11:00:12 +0000 2018,"How the brains behind Cambridge Analytica, the political research firm that worked with the Trump campaign, become‚Ä¶ https://t.co/JMMHsv1wJz",0.0,0.0,1.0,0.0,72
472,nytimes,Wed Mar 21 10:44:07 +0000 2018,"Marlon Bundo, the Instagram star and real-life pet of the Mike Pence's family, is the subject of two dueling childr‚Ä¶ https://t.co/SlGZlg7eAj",0.0,0.0,1.0,0.0,73
473,nytimes,Wed Mar 21 10:30:12 +0000 2018,Morning Briefing: Here's what you need to know to start your day https://t.co/nzhf0xb1iD https://t.co/Ff81sZmvES,0.0,0.0,1.0,0.0,74
474,nytimes,Wed Mar 21 10:20:04 +0000 2018,"A longtime analyst for Fox News is leaving the network, saying he could not ""in good conscience"" remain with an org‚Ä¶ https://t.co/WC4PrYsxcd",-0.3412,0.0,0.893,0.107,75
475,nytimes,Wed Mar 21 10:08:20 +0000 2018,Breaking News: A suspect in the series of deadly bombings in Austin died after he blew himself up in his car as he‚Ä¶ https://t.co/M0L8bfS29G,-0.7003,0.0,0.784,0.216,76
476,nytimes,Wed Mar 21 10:01:47 +0000 2018,"How researchers learned to use Facebook ""likes"" to sway your thinking https://t.co/ToBvRbpwT9",0.0,0.0,1.0,0.0,77
477,nytimes,Wed Mar 21 09:45:10 +0000 2018,"A single, incendiary Facebook post threatened to bring down Norway's government https://t.co/xVfir2wpfX",-0.4588,0.0,0.769,0.231,78
478,nytimes,Wed Mar 21 09:31:05 +0000 2018,"""We had a very good call,"" President Trump told reporters about his call with Vladimir Putin. ""We will probably be‚Ä¶ https://t.co/qvLNfIh7N1",0.4927,0.144,0.856,0.0,79
479,nytimes,Wed Mar 21 09:14:05 +0000 2018,"Last fall, Putin summoned a TV crew to his residence for a ceremony marking the destruction of Russia's last declar‚Ä¶ https://t.co/V9K2TM0ccp",-0.5719,0.0,0.829,0.171,80
480,nytimes,Wed Mar 21 09:00:20 +0000 2018,"How do you remove 200,000 pounds of trash from Everest? Recruit yaks. https://t.co/GqmuD5p08P",0.0,0.0,1.0,0.0,81
481,nytimes,Wed Mar 21 08:45:08 +0000 2018,Brazil's government announced that it planned to vaccinate the entire country against yellow fever by April 2019. S‚Ä¶ https://t.co/iWktzAuBSl,0.0,0.0,1.0,0.0,82
482,nytimes,Wed Mar 21 08:33:06 +0000 2018,"Experts say that a high percentage of Venezuelans may be carriers of latent tuberculosis, and that increasing malnu‚Ä¶ https://t.co/DwOBSw9guy",0.0,0.0,1.0,0.0,83
483,nytimes,Wed Mar 21 08:16:02 +0000 2018,"RT @NYTSports: .@RorySmith on Roman Abramovich, Theresa May and Russian ties to the Premier League that won't be unwound easily. https://t.‚Ä¶",-0.2584,0.0,0.908,0.092,84
484,nytimes,Wed Mar 21 08:02:07 +0000 2018,Karen McDougal is the second woman this month to challenge Trump allies' efforts to bury stories about extramarital‚Ä¶ https://t.co/V7gNPsMEYZ,0.0772,0.067,0.933,0.0,85
485,nytimes,Wed Mar 21 07:44:03 +0000 2018,"A Cambridge Analytica executive said the company twice rebranded Kenyatta‚Äôs political party, wrote his campaign spe‚Ä¶ https://t.co/t35nwz6CmZ",0.4019,0.153,0.847,0.0,86
486,nytimes,Wed Mar 21 07:32:05 +0000 2018,The last male northern white rhino in the world has died. Just 2 northern white rhinos now remain. https://t.co/t8aTEYORzE,-0.5574,0.0,0.825,0.175,87
487,nytimes,Wed Mar 21 07:17:04 +0000 2018,"RT @nytimesworld: ‚ÄúI cannot live without books,‚Äù reads a banner under the cash register at All Sages Bookstore in China‚Äôs capital. Near the‚Ä¶",0.0,0.0,1.0,0.0,88
488,nytimes,Wed Mar 21 07:02:24 +0000 2018,Update: Thinking of Going to Brazil? You Will Need a Yellow Fever Vaccination https://t.co/bvIqaojNbD,0.0,0.0,1.0,0.0,89
489,nytimes,Wed Mar 21 07:02:03 +0000 2018,"As Liu Suli brooded in a prison cell after narrowly escaping being gunned down near Tiananmen Square, he recalled h‚Ä¶ https://t.co/Nfkiz1F2nC",-0.4767,0.053,0.8,0.147,90
490,nytimes,Wed Mar 21 06:32:02 +0000 2018,"RT @nytimesworld: ‚ÄúNo one,‚Äù a Macedonian says, ‚Äúcan tell you what to call yourself in your own home.‚Äù https://t.co/ms9jcCZgCE",0.0,0.0,1.0,0.0,91
491,nytimes,Wed Mar 21 06:08:00 +0000 2018,"If you liked Kim Kardashian on Facebook, researchers can tell how extroverted (very), conscientious (more than most‚Ä¶ https://t.co/sCfiuxQyy5",0.4215,0.141,0.859,0.0,92
492,nytimes,Wed Mar 21 05:50:44 +0000 2018,Are you ready to quit Facebook? (From March 2017) https://t.co/CYqb3NmWZ9,0.3612,0.217,0.783,0.0,93
493,nytimes,Wed Mar 21 05:32:06 +0000 2018,"RT @puiwingtam: Hundreds of start-ups tell venture capitalists: diversify or keep your money. #FoundersForChange
(I actually wrote somethin‚Ä¶",0.0,0.0,1.0,0.0,94
494,nytimes,Wed Mar 21 05:11:02 +0000 2018,A geneticist at Harvard Medical School has retrieved DNA from more than 900 ancient people. His findings trace the‚Ä¶ https://t.co/cLLgKJpHWq,0.0,0.0,1.0,0.0,95
495,nytimes,Wed Mar 21 04:51:03 +0000 2018,RT @NYTNational: A college rugby player who went to Bermuda for an international tournament was found dead in a moat of a colonial-era fort‚Ä¶,-0.6486,0.0,0.823,0.177,96
496,nytimes,Wed Mar 21 04:35:19 +0000 2018,Toyota Takes Self-Driving Cars Off Road After Uber Accident https://t.co/EEHQg41bDn,-0.5256,0.0,0.726,0.274,97
497,nytimes,Wed Mar 21 04:32:05 +0000 2018,Norway‚Äôs justice minister resigns in storm over Facebook post https://t.co/F8qD1VWpD3,0.2732,0.248,0.584,0.168,98
498,nytimes,Wed Mar 21 04:17:06 +0000 2018,"In Opinion 

Op-Ed contributor Sinan Antoon writes: ""The invasion of Iraq is often spoken of in the United States a‚Ä¶ https://t.co/KxsKzEIEn0",0.4215,0.123,0.877,0.0,99
499,nytimes,Wed Mar 21 04:02:07 +0000 2018,"Ben Carson said the purchase of a $31,000 dining room set for his office wasn't about decoration. It was about safe‚Ä¶ https://t.co/M8aJJ0e7fS",0.0,0.0,1.0,0.0,100
